Who,Last Active Year,effect
PETER_FORSBERG,20102011,0.935944636825021
PATRICK_ROY,20022003,0.629746819794794
BRAD_MARCHAND,20132014,0.537452690982132
MARTIN_GELINAS,20072008,0.537390509651844
GABRIEL_LANDESKOG,20132014,0.497897670475665
ERIC_FEHR,20132014,0.471863757929659
MATT_MOULSON,20132014,0.459866779020039
JOE_THORNTON,20132014,0.454889442421996
SIDNEY_CROSBY,20132014,0.438479810496065
LOGAN_COUTURE,20132014,0.420052946461289
RYAN_GETZLAF,20132014,0.418281512073546
PAVEL_DATSYUK,20132014,0.409851842033798
MARIAN_HOSSA,20132014,0.409557981669362
ALEXANDER_RADULOV,20112012,0.399496026574239
JONATHAN_TOEWS,20132014,0.395411733467243
JORDAN_EBERLE,20132014,0.379442525196432
ALEX_OVECHKIN,20132014,0.37622400078056
ALEXANDER_SEMIN,20132014,0.371774169790017
PATRIC_HORNQVIST,20132014,0.371585958803835
DANIEL_ALFREDSSON,20132014,0.365204066838068
LADISLAV_NAGY,20072008,0.354715815737583
P.K._SUBBAN,20132014,0.350258906838479
CHRIS_SIMON,20072008,0.349024457144537
DAVID_PERRON,20132014,0.344461265528992
TEEMU_SELANNE,20132014,0.334495603056491
STEVE_DOWNIE,20132014,0.334057025539596
PATRIK_ELIAS,20132014,0.332256477665417
LOUI_ERIKSSON,20132014,0.324947892872034
MIKKO_KOIVU,20132014,0.321715710200313
MARIAN_GABORIK,20132014,0.321336478406201
TYLER_KENNEDY,20132014,0.316189437200084
RADIM_VRBATA,20132014,0.306424631504076
FRANS_NIELSEN,20132014,0.305654344962905
MARTIN_HAVLAT,20122013,0.303659341580014
JASON_ARNOTT,20112012,0.29699894025384
ZACH_PARISE,20132014,0.294743462871093
NATHAN_HORTON,20132014,0.294668797575249
CODY_FRANSON,20132014,0.293159447101708
JAROMIR_JAGR,20132014,0.291087570731953
VINCENT_LECAVALIER,20132014,0.290918949724217
HENRIK_SEDIN,20132014,0.290132647079841
JOHAN_FRANZEN,20132014,0.288482494733753
MAREK_MALIK,20082009,0.288370542982511
ANDREI_MARKOV,20132014,0.278128038606675
MICHAEL_GRABNER,20132014,0.275521212423013
LUBOMIR_VISNOVSKY,20132014,0.274685095157577
DANIEL_SEDIN,20132014,0.273949465771408
JOE_PAVELSKI,20132014,0.271202491538252
DUSTIN_PENNER,20132014,0.270900051472995
BRYAN_BICKELL,20132014,0.270117299994419
DOMINIK_HASEK,20072008,0.268839673479978
JANNIK_HANSEN,20132014,0.266330403317178
JUSTIN_WILLIAMS,20132014,0.263773320672147
DEREK_MACKENZIE,20132014,0.253553302706923
MIKE_RICHARDS,20132014,0.25191885814027
STEVEN_STAMKOS,20132014,0.251138857928747
NICKLAS_LIDSTROM,20112012,0.24744659111412
ROBERT_LANG,20092010,0.246288078770947
JOSH_BAILEY,20132014,0.245686571475568
JOEL_WARD,20132014,0.245505102185449
KYLE_WELLWOOD,20122013,0.244746447838164
ALEX_BURROWS,20132014,0.243428796163445
CHRIS_KUNITZ,20132014,0.243265153091234
PIERRE-MARC_BOUCHARD,20132014,0.24166230679801
TEDDY_PURCELL,20132014,0.240357717594244
KIMMO_TIMONEN,20132014,0.237478654997658
CHRIS_PRONGER,20112012,0.23291893768884
DAYMOND_LANGKOW,20112012,0.227588955254172
JAKUB_VORACEK,20132014,0.225670801623479
STEPHEN_WEISS,20132014,0.22437552206888
TOBIAS_ENSTROM,20132014,0.223422410004195
BOBBY_RYAN,20132014,0.223342726702783
BRENDAN_MORRISON,20112012,0.222474649033826
RICK_NASH,20132014,0.217652303155274
HENRIK_ZETTERBERG,20132014,0.217275501068788
ALEX_TANGUAY,20132014,0.215370582566904
ANZE_KOPITAR,20132014,0.212857036776175
ERIK_COLE,20132014,0.212615021981794
MATT_CARLE,20132014,0.211206660393427
T.J._OSHIE,20132014,0.211010971696936
ALEXEI_PONIKAROVSKY,20122013,0.210829937961833
DAVID_BACKES,20132014,0.210798737147619
DAVID_KREJCI,20132014,0.210515255716829
ALEX_FROLOV,20102011,0.208016445253754
EVGENI_MALKIN,20132014,0.207945692368148
PETER_SCHAEFER,20102011,0.20696587889675
JEFF_CARTER,20132014,0.206658339897253
DUSTIN_BROWN,20132014,0.206095775813633
BENOIT_POULIOT,20132014,0.205856520910981
SERGEI_KOSTITSYN,20122013,0.204191841986294
BRIAN_RAFALSKI,20102011,0.202452196487205
MATT_CULLEN,20132014,0.200437965608512
JIRI_HUDLER,20132014,0.196756682153578
DAN_BOYLE,20132014,0.195537909263157
ILYA_KOVALCHUK,20122013,0.194869905191957
KARI_LEHTONEN,20132014,0.190526991823899
PAUL_STASTNY,20132014,0.188917107165465
JAMES_REIMER,20132014,0.188324409408451
STEVEN_REINPRECHT,20102011,0.187928564738149
THOMAS_VANEK,20132014,0.186046199905024
TOM_PREISSING,20092010,0.185908779505589
WOJTEK_WOLSKI,20122013,0.183987405729842
SCOTTIE_UPSHALL,20132014,0.183778861742914
BRENDAN_SHANAHAN,20082009,0.180983807892451
JOCHEN_HECHT,20122013,0.18001744118535
TRAVIS_ZAJAC,20132014,0.178592939904869
CLAUDE_GIROUX,20132014,0.178321565678576
MIKAEL_SAMUELSSON,20132014,0.177029266359399
MARK_STREIT,20132014,0.175662230769907
KRIS_VERSTEEG,20132014,0.172036437236114
MARC_SAVARD,20102011,0.169900378000138
MICHAEL_RYDER,20132014,0.16842472444895
MARCO_STURM,20112012,0.168066141211343
SCOTT_HARTNELL,20132014,0.16766057802375
MILAN_HEJDUK,20122013,0.16671586552195
KEITH_TKACHUK,20092010,0.166406915539449
PETR_CAJANEK,20062007,0.166202603114169
SHANE_DOAN,20132014,0.165480251951631
PATRICK_SHARP,20132014,0.165091892214815
MIKHAIL_GRABOVSKI,20132014,0.16483044063202
SHEA_WEBER,20132014,0.164569631903043
DEREK_ROY,20132014,0.164280785934463
KEITH_YANDLE,20132014,0.164134201599031
ALEX_KOVALEV,20122013,0.163969759669186
ZDENO_CHARA,20132014,0.163687333080097
VIKTOR_KOZLOV,20082009,0.163475747273323
RYAN_SMYTH,20132014,0.161501077186237
JAROME_IGINLA,20132014,0.159232788375657
PETER_BONDRA,20062007,0.157276574124524
ALEX_STEEN,20132014,0.157115488481565
MIKE_MOTTAU,20132014,0.157114358059071
JONATHAN_BERNIER,20132014,0.155020358832449
TRENT_HUNTER,20112012,0.153735962428194
ANDREW_LADD,20132014,0.153703677464398
BRAD_BOYES,20132014,0.153453693689721
JERE_LEHTINEN,20092010,0.152603666757493
NICKLAS_BACKSTROM,20132014,0.151946485776704
BRENDEN_MORROW,20132014,0.150274964359063
CHRISTIAN_BACKMAN,20082009,0.149340840832258
BOBBY_HOLIK,20082009,0.14907640660701
JOZEF_STUMPEL,20072008,0.149057199392968
JASON_BLAKE,20112012,0.14426686189312
ANDREW_MACDONALD,20132014,0.143963968692521
CRAIG_ANDERSON,20132014,0.143793368741235
MIKE_RIBEIRO,20132014,0.143779431219024
COLIN_WILSON,20132014,0.143142032940708
MATT_DUCHENE,20132014,0.141803719513727
JASON_POMINVILLE,20132014,0.140088067028775
EVANDER_KANE,20132014,0.140020303219783
MATS_SUNDIN,20082009,0.139771149210541
ALES_HEMSKY,20132014,0.139395343029706
DANY_HEATLEY,20132014,0.139013511688952
MANNY_LEGACE,20092010,0.138407515988677
BRYAN_LITTLE,20132014,0.136609894235433
PETR_SYKORA,20112012,0.13654196524891
FREDRIK_MODIN,20102011,0.13618855548994
MIIKKA_KIPRUSOFF,20122013,0.134317269683765
RYAN_KESLER,20132014,0.133410495231623
STEVE_SULLIVAN,20122013,0.131315738243914
MIKE_DUNHAM,20062007,0.130177266425242
VYACHESLAV_KOZLOV,20092010,0.129587465906682
SEAN_AVERY,20112012,0.128605893215043
JASON_SPEZZA,20132014,0.127986777251492
OLLI_JOKINEN,20132014,0.12735093031419
R.J._UMBERGER,20132014,0.126286397068005
BRIAN_ROLSTON,20112012,0.125851137284041
DOUG_WEIGHT,20102011,0.125654956346442
SIMON_GAGNE,20122013,0.125459555776838
JOHNNY_ODUYA,20132014,0.124487617121121
BRIAN_CAMPBELL,20132014,0.124049715838717
FERNANDO_PISANI,20102011,0.123490856951603
ROMAN_HAMRLIK,20122013,0.122098197221309
MIKE_KNUBLE,20122013,0.121092699846989
PATRIK_BERGLUND,20132014,0.120915387467184
TOMAS_PLEKANEC,20132014,0.11996180713115
CAM_WARD,20132014,0.116628431084403
HENRIK_LUNDQVIST,20132014,0.116395364410148
MILAN_LUCIC,20132014,0.116278393970441
PATRICE_BERGERON,20132014,0.114308313793316
MICHAL_ROZSIVAL,20132014,0.112875061806754
MARTIN_ERAT,20132014,0.112520822114146
PAVOL_DEMITRA,20092010,0.111192129222745
CHRISTIAN_EHRHOFF,20132014,0.109542751153014
NIK_ANTROPOV,20122013,0.108842618722394
PETER_BUDAJ,20132014,0.108390517291714
JUSSI_JOKINEN,20132014,0.107953831459961
MILAN_MICHALEK,20132014,0.106058125669657
ED_BELFOUR,20062007,0.105634916416105
ALEX_GOLIGOSKI,20132014,0.105610851929234
IAN_WHITE,20122013,0.105088726424995
DAVID_LEGWAND,20132014,0.104745914059785
DAVID_AEBISCHER,20072008,0.104725431208537
JONATHAN_QUICK,20132014,0.104396730238487
CHRIS_NEIL,20132014,0.103992386700783
SERGEI_SAMSONOV,20102011,0.102484488610151
LEE_STEMPNIAK,20132014,0.102299497167681
PHIL_KESSEL,20132014,0.102196700295674
BRYAN_MCCABE,20102011,0.101488933182036
MARTIN_RUCINSKY,20072008,0.0998550193690725
TYLER_SEGUIN,20132014,0.097153203963867
KEITH_CARNEY,20072008,0.0947383267566688
ERIC_STAAL,20132014,0.0940223737118546
JOE_CORVO,20132014,0.0929874658753225
DUNCAN_KEITH,20132014,0.0918856635748451
RAFFI_TORRES,20122013,0.0908750614050412
RAY_WHITNEY,20132014,0.0905498284474067
BRANDON_SUTTER,20132014,0.089763779817313
ANDREW_COGLIANO,20132014,0.087990618676311
RICK_DIPIETRO,20122013,0.0879392589010787
DION_PHANEUF,20132014,0.0865834959766975
DANIEL_BRIERE,20132014,0.0856954639871104
OWEN_NOLAN,20092010,0.0840550939746553
WAYNE_SIMMONDS,20132014,0.0812307714284853
SERGEI_BOBROVSKY,20132014,0.081047393536626
RYAN_SUTER,20132014,0.080195485927445
MARC-EDOUARD_VLASIC,20132014,0.0796657740139879
CORY_STILLMAN,20102011,0.0785051695728443
BRANDON_DUBINSKY,20132014,0.0779547619216832
RYAN_MILLER,20132014,0.0774830113148645
JARRET_STOLL,20132014,0.0773265209996851
JOFFREY_LUPUL,20132014,0.0751417209845601
ROBERTO_LUONGO,20132014,0.0748976337765594
EVGENI_NABOKOV,20132014,0.0748761268750636
KRISTIAN_HUSELIUS,20112012,0.0742719855401717
PAVEL_KUBINA,20112012,0.0719489505888636
RUSLAN_SALEI,20102011,0.0709899243952218
BRIAN_GIONTA,20132014,0.0692939188762229
MATHIEU_SCHNEIDER,20092010,0.0686729353347701
CLARKE_MACARTHUR,20132014,0.0670867215194744
VALTTERI_FILPPULA,20132014,0.0664281958529809
ANDREW_BRUNETTE,20112012,0.0642937259657665
TOMAS_VOKOUN,20122013,0.0637533175166006
MICHAEL_NYLANDER,20082009,0.0625724540651487
JEAN-SEBASTIEN_GIGUERE,20132014,0.0611768491237354
MARTIN_GERBER,20102011,0.0610732216254224
RYAN_MCDONAGH,20132014,0.0591691413370616
JOHN_GRAHAME,20072008,0.0588931904696853
SERGEI_FEDOROV,20082009,0.0556301048017689
SERGEI_ZUBOV,20082009,0.0536690207941299
DREW_STAFFORD,20132014,0.0517559814002501
ANDREI_KOSTITSYN,20112012,0.051246944102952
PASCAL_DUPUIS,20132014,0.0505679279968796
CURTIS_JOSEPH,20082009,0.0492873508792368
JAROSLAV_SPACEK,20112012,0.0481577154704473
WILLIE_MITCHELL,20132014,0.0477832603446088
CURTIS_GLENCROSS,20132014,0.0389091351021008
STEPHANE_ROBIDAS,20132014,0.0386349054026133
ANTON_VOLCHENKOV,20132014,0.0352542652931055
BILL_GUERIN,20092010,0.0346144432365226
JAMES_WISNIEWSKI,20132014,0.0330716151800182
JONATHAN_CHEECHOO,20092010,0.02956907881294
RADEK_DVORAK,20132014,0.0285822089372073
JOHN-MICHAEL_LILES,20132014,0.0284825820766648
JONI_PITKANEN,20122013,0.0281961337319185
TIM_THOMAS,20132014,0.0279556179027404
NIKOLAI_ZHERDEV,20102011,0.027353008513861
MIROSLAV_SATAN,20092010,0.0272414889928875
SAMI_SALO,20132014,0.0261281143843362
CRAIG_CONROY,20102011,0.0259651870539797
NIKOLAI_KHABIBULIN,20132014,0.0257526293887254
TOMAS_KABERLE,20122013,0.0252126418931822
NICK_FOLIGNO,20132014,0.022875521922266
MARTIN_BRODEUR,20132014,0.0212360967835434
TOMAS_HOLMSTROM,20112012,0.0206757450800943
NATHAN_GERBE,20132014,0.0188608203452431
JORDAN_STAAL,20132014,0.0173000631951953
ANTOINE_VERMETTE,20132014,0.015969086087816
DAINIUS_ZUBRUS,20132014,0.0156431742963394
MAREK_SVATOS,20102011,0.014370444415409
DEAN_MCAMMOND,20092010,0.013771255439856
JAMIE_BENN,20132014,0.012101281067244
MARKUS_NASLUND,20082009,0.0120830792556968
JOHAN_HEDBERG,20122013,0.0106057452557884
MATT_COOKE,20132014,0.0105829769019106
BRENT_SEABROOK,20132014,0.00992851172499683
CAM_ATKINSON,20132014,0.00917935825103012
PHILIPPE_BOUCHER,20082009,0.00915893349599081
NAZEM_KADRI,20132014,0.00893505573721732
ANTTI_NIEMI,20132014,0.00754440007455922
JEAN-PIERRE_DUMONT,20102011,0.00637451465132292
ZIGMUND_PALFFY,20052006,0.0063258533047783
MARC-ANDRE_FLEURY,20132014,0.00507104633370644
DAVE_BOLLAND,20132014,0.00428087853153812
COREY_PERRY,20132014,0.00372805851045753
MARK_FAYNE,20132014,0.00337643776371135
CHRIS_KELLY,20132014,0.00313247126513092
SAKU_KOIVU,20132014,0.00283086005510847
DAVID_VYBORNY,20072008,0.0017015917068789
TONY_AMONTE,20062007,0.00136102407990456
DAN_HAMHUIS,20132014,0.00117714146764886
ANSON_CARTER,20062007,0
JASON_CHIMERA,20132014,0
MIKE_COMRIE,20102011,0
ULF_DAHLEN,20022003,0
ROB_DIMAIO,20052006,0
JIRI_DOPITA,20022003,0
SCOTT_FERGUSON,20052006,0
JOSH_GREEN,20112012,0
KARI_HAAKANA,20022003,0
DERIAN_HATCHER,20072008,0
NIKO_KAPANEN,20072008,0
GEORGES_LARAQUE,20092010,0
MANNY_MALHOTRA,20132014,0
TODD_MARCHANT,20102011,0
JUSSI_MARKKANEN,20062007,0
MIKE_MODANO,20102011,0
ETHAN_MOREAU,20112012,0
KIRK_MULLER,20022003,0
JANNE_NIINIMAA,20062007,0
SCOTT_PELLERIN,20032004,0
TOMMY_SALO,20032004,0
JASON_SMITH,20082009,0
STEVE_STAIOS,20112012,0
BRIAN_SWANSON,20022003,0
DARRYL_SYDOR,20092010,0
RON_TUGNUTT,20032004,0
MARTY_TURCO,20112012,0
PIERRE_TURGEON,20062007,0
MIKE_YORK,20072008,0
SCOTT_YOUNG,20052006,0
ARRON_ASHAM,20132014,0
ADRIAN_AUCOIN,20122013,0
ERIC_CAIRNS,20052006,0
PATRICK_DESROCHERS,20022003,0
DARCY_HORDICHUK,20122013,0
BRAD_ISBISTER,20072008,0
MIKE_JOHNSON,20072008,0
KENNY_JONSSON,20032004,0
CLAUDE_LAPOINTE,20032004,0
CLAUDE_LEMIEUX,20082009,0
JUSTIN_MAPLETOFT,20032004,0
PAUL_MARA,20102011,0
DANNY_MARKOV,20062007,0
RADEK_MARTINEK,20132014,0
ANDREI_NAZAROV,20052006,0
TEPPO_NUMMINEN,20082009,0
MARK_PARRISH,20102011,0
DERON_QUINT,20062007,0
BRANKO_RADIVOJEVIC,20072008,0
BRIAN_SAVAGE,20052006,0
DAVE_SCATCHARD,20102011,0
GARTH_SNOW,20052006,0
RADOSLAV_SUCHY,20052006,0
MATTIAS_TIMANDER,20032004,0
OSSI_VAANANEN,20082009,0
STEVE_WEBB,20032004,0
JASON_WIEMER,20052006,0
LANDON_WILSON,20082009,0
ALEXEI_YASHIN,20062007,0
MAGNUS_ARVEDSON,20032004,0
DENNIS_BONVIE,20022003,0
DONALD_BRASHEAR,20092010,0
PAVEL_BRENDL,20052006,0
ROMAN_CECHMANEK,20032004,0
ERIC_DESJARDINS,20052006,0
ROBERT_ESCHE,20062007,0
MIKE_FISHER,20132014,0
MICHAL_HANDZUS,20132014,0
JODY_HULL,20022003,0
KIM_JOHNSSON,20092010,0
KIRBY_LAW,20032004,0
JOHN_LECLAIR,20062007,0
CURTIS_LESCHYSHYN,20032004,0
DANIEL_MCGILLIS,20052006,0
CHRIS_PHILLIPS,20132014,0
KEITH_PRIMEAU,20052006,0
MARTIN_PRUSEK,20052006,0
PAUL_RANHEIM,20022003,0
MARK_RECCHI,20102011,0
WADE_REDDEN,20132014,0
JEREMY_ROENICK,20082009,0
ANDRE_SAVAGE,20022003,0
PETR_SCHASTLIVY,20032004,0
CHRIS_THERIEN,20052006,0
TODD_WHITE,20102011,0
PATRICE_BRISEBOIS,20082009,0
JAN_BULIS,20062007,0
DAN_BYLSMA,20032004,0
STANISLAV_CHISTOV,20062007,0
MARC_CHOUINARD,20062007,0
MARIUSZ_CZERKAWSKI,20052006,0
ANDREAS_DACKELL,20032004,0
KARL_DYKHUIS,20032004,0
DOUG_GILMOUR,20022003,0
JEFF_HACKETT,20032004,0
RON_HAINSEY,20132014,0
JOE_JUNEAU,20032004,0
PAUL_KARIYA,20092010,0
CHAD_KILGER,20072008,0
PATRIC_KJELLBERG,20022003,0
JASON_KROG,20082009,0
MIKE_LECLERC,20052006,0
BILL_LINDSAY,20032004,0
ANDY_MCDONALD,20122013,0
RANDY_MCKAY,20022003,0
CHRIS_O'SULLIVAN,20022003,0
YANIC_PERREAULT,20072008,0
OLEG_PETROV,20022003,0
STEPHANE_QUINTAL,20032004,0
CRAIG_RIVET,20102011,0
STEVE_RUCCHIN,20062007,0
KURT_SAUER,20092010,0
KEVIN_SAWYER,20022003,0
VITALY_VISHNEVSKI,20072008,0
RICHARD_ZEDNIK,20082009,0
KEVYN_ADAMS,20072008,0
BATES_BATTAGLIA,20062007,0
JESSE_BOULERICE,20072008,0
ROD_BRIND'AMOUR,20092010,0
SERGEI_BRYLIN,20072008,0
KEN_DANEYKO,20022003,0
JEFF_DANIELS,20022003,0
MIKE_DANTON,20032004,0
RON_FRANCIS,20032004,0
JEFF_FRIESEN,20062007,0
SCOTT_GOMEZ,20132014,0
BRET_HEDICAN,20082009,0
SEAN_HILL,20072008,0
ARTURS_IRBE,20032004,0
DARREN_LANGDON,20052006,0
JAMIE_LANGENBRUNNER,20122013,0
JOHN_MADDEN,20112012,0
JIM_MCKENZIE,20032004,0
SCOTT_NIEDERMAYER,20092010,0
JOE_NIEUWENDYK,20062007,0
JEFF_O'NEILL,20062007,0
COREY_SCHWAB,20032004,0
SCOTT_STEVENS,20032004,0
TURNER_STEVENSON,20052006,0
JAROSLAV_SVOBODA,20052006,0
DAVID_TANABE,20072008,0
OLEG_TVERDOVSKY,20062007,0
KEVIN_WEEKES,20082009,0
GLEN_WESLEY,20072008,0
COLIN_WHITE,20112012,0
JASON_ALLISON,20052006,0
DEREK_ARMSTRONG,20092010,0
LUBOS_BARTECKO,20022003,0
JAROSLAV_BEDNAR,20032004,0
ERIC_BELANGER,20122013,0
BRAD_CHARTRAND,20032004,0
JEFF_COWAN,20072008,0
ADAM_DEADMARSH,20022003,0
MIKKO_ELORANTA,20022003,0
MILAN_HNILICKA,20032004,0
TONY_HRKAC,20022003,0
CRAIG_JOHNSON,20032004,0
FRANTISEK_KABERLE,20082009,0
TOMI_KALLIO,20022003,0
IAN_LAPERRIERE,20092010,0
FRANCIS_LESSARD,20102011,0
CHRIS_MCALPINE,20022003,0
SHAWN_MCEACHERN,20052006,0
JAROSLAV_MODRY,20072008,0
MATTIAS_NORSTROM,20072008,0
PASI_NURMINEN,20032004,0
FELIX_POTVIN,20032004,0
ERIK_RASMUSSEN,20062007,0
PASCAL_RHEAUME,20052006,0
RICHARD_SMEHLIK,20022003,0
BRYAN_SMOLINSKI,20072008,0
DAN_SNYDER,20022003,0
PATRIK_STEFAN,20062007,0
JAMIE_STORR,20032004,0
CHRIS_TAMER,20032004,0
DANIEL_TJARNQVIST,20082009,0
YANNICK_TREMBLAY,20062007,0
JAMIE_ALLISON,20052006,0
TYLER_ARNASON,20082009,0
MARK_BELL,20072008,0
SERGEI_BEREZIN,20022003,0
KYLE_CALDER,20092010,0
ANDREW_CASSELS,20052006,0
MARC_DENIS,20082009,0
PHIL_HOUSLEY,20022003,0
HANNES_HYVONEN,20022003,0
ALEXANDER_KARPOVTSEV,20052006,0
JON_KLEMM,20072008,0
ROSTISLAV_KLESLA,20132014,0
ESPEN_KNUTSEN,20032004,0
IGOR_KOROLEV,20032004,0
JEAN_LABBE,20022003,0
GRANT_MARSHALL,20052006,0
BORIS_MIRONOV,20032004,0
LYLE_ODELEIN,20052006,0
STEVE_PASSMORE,20032004,0
SEAN_PRONGER,20032004,0
GEOFF_SANDERSON,20072008,0
JODY_SHELLEY,20112012,0
MIKE_SILLINGER,20082009,0
JOCELYN_THIBAULT,20072008,0
STEVE_THOMAS,20032004,0
SHAWN_THORNTON,20132014,0
RYAN_VANDENBUSSCHE,20052006,0
DERRICK_WALSER,20062007,0
TYLER_WRIGHT,20052006,0
ALEXEI_ZHAMNOV,20052006,0
BRYAN_ALLEN,20132014,0
STU_BARNES,20072008,0
MURRAY_BARON,20032004,0
TODD_BERTUZZI,20132014,0
MARTIN_BIRON,20132014,0
ERIC_BOULTON,20132014,0
CURTIS_BROWN,20072008,0
ARTEM_CHUBAROV,20032004,0
DAN_CLOUTIER,20072008,0
TIM_CONNOLLY,20112012,0
CHRIS_GRATTON,20082009,0
JAN_HLAVAC,20072008,0
ED_JOVANOVSKI,20122013,0
TRENT_KLATT,20032004,0
ALES_KOTALIK,20102011,0
TREVOR_LETOWSKI,20072008,0
TREVOR_LINDEN,20072008,0
ADAM_MAIR,20102011,0
JAY_MCKEE,20092010,0
MIKA_NORONEN,20052006,0
JAMES_PATRICK,20032004,0
TAYLOR_PYATT,20132014,0
JARKKO_RUUTU,20102011,0
PETER_SKUDRA,20022003,0
BRENT_SOPEL,20102011,0
HENRIK_TALLINDER,20132014,0
VACLAV_VARADA,20052006,0
RHETT_WARRENER,20072008,0
JASON_WOOLLEY,20052006,0
ALEXEI_ZHITNIK,20072008,0
J-SEBASTIEN_AUBIN,20072008,0
KRIS_BEECH,20072008,0
MARC_BERGEVIN,20032004,0
ALEXANDRE_DAIGLE,20052006,0
SHEAN_DONOVAN,20092010,0
JAN_HRDINA,20052006,0
DAN_LACOUTURE,20082009,0
JANNE_LAUKKANEN,20022003,0
MARIO_LEMIEUX,20052006,0
KENT_MANDERVILLE,20022003,0
STEVE_MCKENNA,20032004,0
IAN_MORAN,20062007,0
ALEKSEY_MOROZOV,20032004,0
VILLE_NIEMINEN,20062007,0
JAMIE_PUSHOR,20052006,0
BRAD_SMYTH,20022003,0
DICK_TARNSTROM,20072008,0
P.J._AXELSSON,20072008,0
RICK_BERRY,20032004,0
CRAIG_BILLINGTON,20022003,0
NICK_BOYNTON,20102011,0
SEAN_BROWN,20052006,0
SEBASTIEN_CHARPENTIER,20032004,0
JEAN-FRANCOIS_FORTIN,20022003,0
HAL_GILL,20122013,0
JONATHAN_GIRARD,20022003,0
SERGEI_GONCHAR,20132014,0
MICHAL_GROSEK,20032004,0
IVAN_HUML,20032004,0
CALLE_JOHANSSON,20032004,0
KEN_KLEE,20082009,0
STEVE_KONOWALCHUK,20052006,0
JARNO_KULTANEN,20022003,0
MARTY_MCINNIS,20022003,0
GLEN_METROPOLIT,20092010,0
KIP_MILLER,20032004,0
SEAN_O'DONNELL,20112012,0
STEPHEN_PEAT,20052006,0
ANDREAS_SALOMONSSON,20022003,0
STEVE_SHIELDS,20052006,0
P.J._STOCK,20022003,0
ROB_ZAMUNER,20032004,0
DAVE_ANDREYCHUK,20052006,0
MATTHEW_BARNABY,20062007,0
DAN_BLACKBURN,20022003,0
PAVEL_BURE,20022003,0
BEN_CLYMER,20062007,0
JASSEN_CULLIMORE,20102011,0
RICO_FATA,20062007,0
RUSLAN_FEDOTENKO,20122013,0
KEVIN_HODSON,20022003,0
DARIUS_KASPARAITIS,20062007,0
SHELDON_KEEFE,20022003,0
BRIAN_LEETCH,20052006,0
SYLVAIN_LEFEBVRE,20022003,0
ERIC_LINDROS,20062007,0
BRAD_LUKOWICH,20102011,0
JAMIE_LUNDMARK,20092010,0
VLADIMIR_MALAKHOV,20052006,0
SANDY_MCCARTHY,20032004,0
MARK_MESSIER,20032004,0
REM_MURRAY,20052006,0
STAN_NECKAR,20032004,0
PETR_NEDVED,20062007,0
KRZYSZTOF_OLIWA,20032004,0
JIMMIE_OLVESTAD,20022003,0
RONALD_PETROVICKY,20062007,0
TOM_POTI,20122013,0
VACLAV_PROSPAL,20122013,0
DALE_PURINTON,20032004,0
BRAD_RICHARDS,20132014,0
MIKE_RICHTER,20022003,0
ANDRE_ROY,20082009,0
CORY_SARICH,20132014,0
MARTIN_ST. LOUIS,20132014,0
DENIS_ARKHIPOV,20062007,0
ERIC_BOGUNIECKI,20052006,0
FRED_BRATHWAITE,20032004,0
GREG_CLASSEN,20022003,0
ANDY_DELMORE,20052006,0
MIKE_EASTWOOD,20032004,0
BRENT_GILCHRIST,20022003,0
BILL_HOULDER,20022003,0
BARRET_JACKMAN,20132014,0
ANDREAS_JOHANSSON,20032004,0
ALEXANDER_KHAVANOV,20052006,0
TOM_KOIVISTO,20022003,0
REED_LOW,20062007,0
AL_MACINNIS,20032004,0
SCOTT_MELLANBY,20062007,0
VLADIMIR_ORSZAGH,20052006,0
DENIS_PEDERSON,20022003,0
SHJON_PODEIN,20022003,0
BRYCE_SALVADOR,20132014,0
MIKE_VAN RYN,20082009,0
CLARKE_WILM,20052006,0
VITALI_YACHMENEV,20022003,0
JASON_YORK,20062007,0
VALERI_BURE,20032004,0
PIERRE_DAGENAIS,20052006,0
BRAD_FERENCE,20062007,0
NIKLAS_HAGMAN,20112012,0
JANI_HURME,20022003,0
STEPHANE_MATTEAU,20022003,0
MARCUS_NILSON,20072008,0
IVAN_NOVOSELTSEV,20032004,0
SANDIS_OZOLINSH,20072008,0
DENIS_SHVIDKI,20022003,0
JEFF_TOMS,20022003,0
IGOR_ULANOV,20052006,0
DMITRY_YUSHKEVICH,20022003,0
DON_SWEENEY,20032004,0
AKI_BERG,20052006,0
YURI_BUTSAYEV,20022003,0
SHAYNE_CORSON,20032004,0
TIE_DOMI,20052006,0
TOM_FITZGERALD,20052006,0
TRAVIS_GREEN,20062007,0
CHRIS_HERPERGER,20022003,0
JONAS_HOGLUND,20022003,0
TREVOR_KIDD,20032004,0
JYRKI_LUMME,20022003,0
ALYN_MCCAULEY,20062007,0
ALEXANDER_MOGILNY,20052006,0
JEFF_ODGERS,20022003,0
KAREL_PILAR,20032004,0
ROBERT_REICHEL,20032004,0
MIKAEL_RENBERG,20032004,0
PER_SVARTVADET,20022003,0
ROBERT_SVEHLA,20022003,0
DARCY_TUCKER,20092010,0
MIKE_WEAVER,20132014,0
CHRIS_MCALLISTER,20032004,0
RADOVAN_SOMIK,20032004,0
BRAD_BOMBARDIR,20032004,0
MATT_BRADLEY,20112012,0
BRAD_BROWN,20032004,0
VINCENT_DAMPHOUSSE,20032004,0
JIM_DOWD,20072008,0
MANNY_FERNANDEZ,20082009,0
ADAM_GRAVES,20022003,0
TODD_HARVEY,20052006,0
JOHN_JAKOPIN,20022003,0
JEFF_JILLSON,20052006,0
MATT_JOHNSON,20032004,0
FILIP_KUBA,20122013,0
ANTTI_LAAKSONEN,20062007,0
BRYAN_MARCHMENT,20052006,0
PATRICK_MARLEAU,20132014,0
JASON_MARSHALL,20052006,0
RICHARD_PARK,20112012,0
MARCUS_RAGNARSSON,20032004,0
MIKE_RATHJE,20062007,0
MIKE_RICCI,20062007,0
DWAYNE_ROLOSON,20112012,0
CLIFF_RONNING,20032004,0
NICK_SCHULTZ,20132014,0
LUBOMIR_SEKERAS,20032004,0
MARK_SMITH,20072008,0
NIKLAS_SUNDSTROM,20052006,0
WES_WALZ,20072008,0
SERGEI_ZHOLTOK,20032004,0
NATHAN_DEMPSEY,20062007,0
STEVE_KELLY,20022003,0
CRAIG_BERUBE,20022003,0
BOB_BOUGHNER,20052006,0
PETR_BUZEK,20022003,0
CHRIS_CLARK,20102011,0
CHRIS_DRURY,20102011,0
DENIS_GAUTHIER,20082009,0
MATHIAS_JOHANSSON,20022003,0
CHUCK_KOBASEW,20132014,0
JORDAN_LEOPOLD,20132014,0
TONI_LYDMAN,20122013,0
JAMIE_MCLENNAN,20062007,0
SCOTT_NICHOL,20122013,0
ROB_NIEDERMAYER,20102011,0
ROB_RAY,20032004,0
ROBYN_REGEHR,20132014,0
ROMAN_TUREK,20032004,0
JAMIE_WRIGHT,20022003,0
STEPHANE_YELLE,20092010,0
SERGE_AUBIN,20052006,0
ROB_BLAKE,20092010,0
GREG_DE VRIES,20082009,0
HAROLD_DRUKEN,20032004,0
DAN_HINOTE,20082009,0
MIKE_KEANE,20032004,0
ERIC_MESSIER,20032004,0
VACLAV_NEDOROST,20032004,0
JOE_SAKIC,20082009,0
JEFF_SHANTZ,20022003,0
D.J._SMITH,20022003,0
BRIAN_SUTHERBY,20102011,0
ALEXANDER_SVITOV,20062007,0
SYLVAIN_BLOUIN,20022003,0
PATRICK_TRAVERSE,20022003,0
TOMMY_WESTLUND,20022003,0
J-LUC_GRAND-PIERRE,20032004,0
SHAWN_HORCOFF,20132014,0
DMITRI_KALININ,20082009,0
ANDREI_NIKOLISHIN,20032004,0
JAY_PANDOLFO,20122013,0
CHRIS_CHELIOS,20092010,0
MATHIEU_DANDENAULT,20082009,0
BOYD_DEVEREAUX,20082009,0
JIRI_FISCHER,20052006,0
BRETT_HULL,20052006,0
MAXIM_KUZNETSOV,20032004,0
IGOR_LARIONOV,20032004,0
KIRK_MALTBY,20092010,0
DARREN_MCCARTY,20082009,0
LUC_ROBITAILLE,20052006,0
JESSE_WALLIN,20022003,0
JASON_WILLIAMS,20112012,0
MICHAEL_PECA,20082009,0
TODD_FEDORUK,20092010,0
ALEX_HENRY,20082009,0
MILAN_KRAFT,20032004,0
BYRON_RITCHIE,20072008,0
PETER_WORRELL,20032004,0
TODD_WARRINER,20022003,0
VERNON_FIDDLER,20132014,0
BRAD_NORTON,20062007,0
WYATT_SMITH,20072008,0
KEVIN_DINEEN,20022003,0
KELLY_BUCHBERGER,20032004,0
DANIEL_CLEARY,20132014,0
ALES_PISA,20022003,0
LYNN_LOYNS,20032004,0
FREDRIK_OLAUSSON,20022003,0
ERIC_MANLOW,20032004,0
DANY_SABOURIN,20082009,0
MATTIAS_WEINHANDL,20062007,0
MATS_LINDGREN,20022003,0
LADISLAV_BENYSEK,20022003,0
TED_DONATO,20032004,0
DIXON_WARD,20022003,0
JEFF_FINLEY,20032004,0
BLAKE_SLOAN,20032004,0
STEVE_POAPST,20052006,0
JOSEF_MELICHAR,20082009,0
MARTIN_STRAKA,20072008,0
SAMI_HELENIUS,20022003,0
ALEXEI_SMIRNOV,20032004,0
MARTY_MURRAY,20062007,0
WADE_FLAHERTY,20022003,0
OLAF_KOLZIG,20082009,0
DONALD_AUDETTE,20032004,0
TOM_BARRASSO,20022003,0
MATT_DAVIDSON,20022003,0
TODD_SIMPSON,20052006,0
MARK_EATON,20122013,0
CAMERON_MANN,20022003,0
MIKE_CAMMALLERI,20132014,0
AARON_MILLER,20072008,0
SVEN_BUTENSCHON,20052006,0
OLEG_KVASHA,20052006,0
NOLAN_PRATT,20072008,0
JOSH_HOLDEN,20022003,0
MIKE_BROWN,20132014,0
BRYAN_MUIR,20062007,0
JOEL_KWIATKOWSKI,20072008,0
HANS_JONSSON,20022003,0
TYSON_NASH,20052006,0
CHRISTIAN_BERGLUND,20032004,0
AARON_DOWNEY,20082009,0
SCOTT_PARKER,20062007,0
JOHAN_HOLMQVIST,20072008,0
SCOTT_THORNTON,20072008,0
RAMZI_ABID,20062007,0
ANDY_BERENZWEIG,20022003,0
SHAWN_HEINS,20032004,0
LANCE_WARD,20032004,0
ILYA_BRYZGALOV,20132014,0
PAVEL_TRNKA,20032004,0
STEVE_MONTADOR,20112012,0
MARK_GREIG,20022003,0
BRAD_STUART,20132014,0
DMITRI_BYKOV,20022003,0
ERIC_DAZE,20052006,0
TOMMY_ALBELIN,20052006,0
RANDY_ROBITAILLE,20072008,0
ANDREJ_NEDOROST,20032004,0
NATHAN_PERROTT,20052006,0
DARREN_HAYDAR,20072008,0
PAUL_HEALEY,20022003,0
MATT_HERR,20022003,0
SHAONE_MORRISONN,20102011,0
CRAIG_DARBY,20032004,0
MICKI_DUPONT,20072008,0
SERGEI_VARLAMOV,20022003,0
LEE_GOREN,20062007,0
ANDY_HILBERT,20092010,0
CHRIS_DINGMAN,20052006,0
LASSE_PIRJETA,20052006,0
GUILLAUME_LEFEBVRE,20052006,0
CRAIG_MACDONALD,20082009,0
IVAN_CIERNIK,20032004,0
BRIAN_HOLZINGER,20032004,0
RYAN_KRAFT,20022003,0
STEVE_MOORE,20032004,0
BRIAN_WILLSIE,20102011,0
CHRISTIAN_LAFLAMME,20032004,0
KYLE_WANVIG,20072008,0
STEVE_MCCARTHY,20072008,0
COLIN_FORBES,20052006,0
SCOTT_WALKER,20092010,0
ADAM_OATES,20032004,0
PAVEL_ROSA,20022003,0
MARK_HARTIGAN,20072008,0
PETER_WHITE,20032004,0
KIP_BRENNAN,20052006,0
STEVE_HEINZE,20022003,0
MICHAL_SIVEK,20022003,0
KAREL_RACHUNEK,20072008,0
DAVE_KARPA,20022003,0
RADOSLAV_HECL,20022003,0
JEAN-MARC_PELLETIER,20032004,0
OLEG_SAPRYKIN,20062007,0
DUVIE_WESTCOTT,20072008,0
JASON_DOIG,20032004,0
JONATHAN_HEDSTROM,20052006,0
REID_SIMPSON,20022003,0
JAN_LASAK,20022003,0
ERIC_GODARD,20102011,0
JOSEF_VASICEK,20072008,0
THEOREN_FLEURY,20022003,0
MARC_LAMOTHE,20032004,0
STEVE_DUBINSKY,20022003,0
JIRI_BICEK,20032004,0
ROMAN_LYASHENKO,20022003,0
JUSTIN_PAPINEAU,20032004,0
DARREN_RUMBLE,20032004,0
JASON_BOTTERILL,20032004,0
BRETT_MCLEAN,20082009,0
ROSS_LUPASCHUK,20022003,0
BROOKS_ORPIK,20132014,0
SCOTT_CLEMMENSEN,20132014,0
MATT_WALKER,20112012,0
JOEL_BOUCHARD,20052006,0
JONATHAN_SIM,20102011,0
TRENT_WHITFIELD,20092010,0
PASCAL_LECLAIRE,20102011,0
RICKARD_WALLIN,20092010,0
JIM_FAHEY,20062007,0
NORMAN_MILLEY,20052006,0
STEVE_OTT,20132014,0
KIRILL_SAFRONOV,20022003,0
TOMAS_MALEC,20052006,0
GORDIE_DWYER,20022003,0
RICHARD_LINTNER,20022003,0
BRAD_TAPPER,20022003,0
LADISLAV_KOHN,20022003,0
ZAC_BIERK,20032004,0
JARED_AULIN,20022003,0
STEVE_MARTINS,20052006,0
IAN_MACNEIL,20022003,0
JURAJ_KOLNIK,20062007,0
BRANISLAV_MEZEI,20072008,0
BILLY_TIBBETTS,20022003,0
PATRICK_BOILEAU,20032004,0
ZENITH_KOMARNISKI,20032004,0
ALAIN_NASREDDINE,20072008,0
TYLER_MOSS,20022003,0
CORY_CROSS,20052006,0
DENIS_HAMEL,20062007,0
RIKU_HAHL,20032004,0
CHARLIE_STEPHENS,20032004,0
JEREMY_STEVENSON,20052006,0
SEAN_BURKE,20062007,0
BRIAN_FINLEY,20062007,0
DAN_FOCHT,20032004,0
ALEXEI_SEMENOV,20082009,0
BOBBY_ALLEN,20072008,0
MICHAEL_LEIGHTON,20122013,0
STEVEN_HALKO,20022003,0
STEVENN_HALKO,20022003,0
AARON_GAVEY,20022003,0
RAY_EMERY,20132014,0
PAUL_MANNING,20022003,0
JIM_VANDERMEER,20112012,0
SEBASTIEN_CARON,20112012,0
MARCEL_HOSSA,20072008,0
JOHN_TRIPP,20032004,0
DIETER_KOCHAN,20022003,0
ROB_VALICEVIC,20032004,0
TOM_KOSTOPOULOS,20122013,0
JAROSLAV_KRISTEK,20022003,0
JEFF_TAFFE,20112012,0
JAMIE_RIVERS,20062007,0
ROBERT_SCHNABEL,20032004,0
ANDREW_RAYCROFT,20112012,0
MIKE_RUPP,20122013,0
BRAD_MAY,20092010,0
TOMAS_KLOUCEK,20032004,0
MATHIEU_DARCHE,20112012,0
BRANDON_SMITH,20022003,0
RICHARD_BRENNAN,20022003,0
MARTIN_SAMUELSSON,20032004,0
JOE_SACCO,20022003,0
BRYAN_HELMER,20082009,0
DARBY_HENDRICKSON,20032004,0
DAVE_LOWRY,20032004,0
MIKAEL_TELLQVIST,20082009,0
JEFF_HEEREMA,20032004,0
NIKITA_ALEXEEV,20062007,0
ANDERS_ERIKSSON,20092010,0
JANI_RITA,20052006,0
KRIS_VERNARSKY,20032004,0
DAVID_LING,20032004,0
COREY_HIRSCH,20022003,0
SAMUEL_PAHLSSON,20112012,0
TOMAS_ZIZKA,20032004,0
JEFF_FARKAS,20022003,0
MAXIM_AFINOGENOV,20092010,0
TONI_DAHLMAN,20022003,0
KYLE_ROSSITER,20032004,0
SCOTT_BARNEY,20052006,0
GREG_JOHNSON,20052006,0
KONSTANTIN_KOLTSOV,20052006,0
KYLE_MCLAREN,20072008,0
JOSH_HARDING,20132014,0
BRIAN_POTHIER,20092010,0
ERIC_CHOUINARD,20032004,0
CRISTOBAL_HUET,20092010,0
JOSH_LANGFELD,20062007,0
ERIC_NICKULAS,20052006,0
RYAN_FLINN,20022003,0
MARTIN_GRENIER,20062007,0
ERIC_BEAUDOIN,20032004,0
FRANCIS_BOUILLON,20132014,0
ZDENEK_KUTLAK,20032004,0
CHRIS_SCHMIDT,20022003,0
NICHOLAS_DIMITRAKOS,20062007,0
MIKE_WILSON,20022003,0
RAYMOND_GIROUX,20032004,0
TOMAS_SUROVY,20052006,0
RYAN_BAYDA,20082009,0
UWE_KRUPP,20022003,0
GARY_ROBERTS,20082009,0
BENJAMIN_SIMON,20052006,0
FREDERIC_CASSIVI,20062007,0
MIKKO_JOKELA,20022003,0
NOLAN_BAUMGARTNER,20092010,0
BURKE_HENRY,20032004,0
STEPHEN_VALIQUETTE,20092010,0
STEVE_YZERMAN,20052006,0
DRAKE_BEREHOWSKY,20032004,0
TOMAS_KURKA,20032004,0
MICHAEL_ZIGOMANIS,20102011,0
FRANCOIS_BEAUCHEMIN,20132014,0
TY_CONKLIN,20112012,0
CURTIS_SANFORD,20112012,0
BRANDON_REID,20062007,0
ALAN_LETANG,20022003,0
JOEY_TETARENKO,20022003,0
PAT_KAVANAGH,20052006,0
CHAD_WISEMAN,20052006,0
JASON_BACASHIHUA,20062007,0
MAXIME_OUELLET,20052006,0
JESSE_FIBIGER,20022003,0
SIMON_GAMACHE,20072008,0
DAVID_OLIVER,20052006,0
ERIC_MELOCHE,20062007,0
ROB_DAVISON,20082009,0
BRAD_DEFAUW,20022003,0
DARREL_SCOVILLE,20032004,0
GARNET_EXELBY,20092010,0
MARC-ANDRE_BERGERON,20122013,0
MIROSLAV_ZALESAK,20022003,0
DOUG_JANIK,20112012,0
CHRIS_TAYLOR,20032004,0
TODD_GILL,20022003,0
IGOR_KRAVCHUK,20022003,0
VESA_TOSKALA,20092010,0
JASON_KING,20072008,0
DAMIAN_SURMA,20032004,0
BLAIR_BETTS,20102011,0
DOUG_HOUDA,20022003,0
ZDENEK_BLATNY,20052006,0
NEIL_LITTLE,20032004,0
JASON_HOLLAND,20032004,0
MIKE_WATT,20022003,0
IGOR_RADULOV,20032004,0
PAUL_GAUSTAD,20132014,0
JOSEF_BOUMEDIENNE,20032004,0
CHRIS_MASON,20122013,0
CAM_SEVERSON,20032004,0
KURTIS_FOSTER,20122013,0
MILAN_BARTOVIC,20052006,0
JOE_DIPENTA,20072008,0
KAMIL_PIROS,20032004,0
KENT_MCDONELL,20032004,0
BILL_MUCKALT,20022003,0
KRYS_KOLANOS,20112012,0
MATT_STAJAN,20132014,0
TOMI_PETTINEN,20052006,0
PETER_SEJNA,20062007,0
DAVID_HALE,20102011,0
PAUL_MARTIN,20132014,0
GARRETT_BURNETT,20032004,0
ANTTI_MIETTINEN,20122013,0
CHRISTOPH_BRANDNER,20032004,0
BRENT_BURNS,20132014,0
LASSE_KUKKONEN,20082009,0
TRAVIS_ROCHE,20062007,0
TUOMO_RUUTU,20132014,0
SHELDON_SOURAY,20122013,0
ANDREW_PETERS,20092010,0
SEAN_BERGENHEIM,20132014,0
BOYD_GORDON,20132014,0
JOHN_GRUDEN,20032004,0
MATT_PETTINGER,20092010,0
DAN_FRITSCHE,20082009,0
TOMMI_SANTALA,20062007,0
TIM_GLEASON,20132014,0
ESA_PIRNES,20032004,0
NILS_EKMAN,20062007,0
ALEXANDER_KOROLYUK,20032004,0
MATTHEW_LOMBARDI,20122013,0
RYAN_MALONE,20132014,0
MATT_MURLEY,20072008,0
MARTIN_STRBAK,20032004,0
DIMITRY_AFANASENKOV,20062007,0
MARTIN_CIBAK,20052006,0
JIM_CUMMINS,20032004,0
MARK_RYCROFT,20062007,0
MATTHEW_SPILLER,20072008,0
CHRIS_HIGGINS,20132014,0
MAXIM_KONDRATIEV,20072008,0
JORDIN_TOOTOO,20132014,0
MAREK_ZIDLICKY,20132014,0
JIRI_SLEGR,20052006,0
PAVEL_VOROBIEV,20052006,0
MIKAEL_HOLMQVIST,20062007,0
CODY_MCCORMICK,20132014,0
BRENT_KRAHN,20082009,0
WADE_BROOKBANK,20082009,0
BOYD_KANE,20092010,0
ARIS_BRIMANIS,20032004,0
NOLAN_YONKMAN,20132014,0
ANDREW_HUTCHINSON,20102011,0
BRAD_LARSEN,20072008,0
JULIEN_VAUCLAIR,20032004,0
TREVOR_DALEY,20132014,0
SERGEI_ZINOVJEV,20032004,0
TRAVIS_BRIGLEY,20032004,0
ALLAN_ROURKE,20072008,0
TONY_SALMELAINEN,20062007,0
JOHN_POHL,20072008,0
RASTISLAV_STANA,20032004,0
PETER_SARNO,20052006,0
KARL_STEWART,20072008,0
DARRYL_BOOTLAND,20072008,0
BRETT_CLARK,20122013,0
MATHIAS_TJARNQVIST,20072008,0
PATRICK_RISSMILLER,20102011,0
JED_ORTMEYER,20112012,0
TODD_ROHLOFF,20032004,0
NATHAN_SMITH,20092010,0
MARK_MOWERS,20072008,0
STEVE_GAINEY,20052006,0
JORDAN_KRESTANOVICH,20032004,0
RICHARD_SCOTT,20032004,0
JOHNATHAN_AITKEN,20032004,0
MIKHAIL_YAKUBOV,20052006,0
NATHAN_ROBINSON,20032004,0
FREDRIK_SJOSTROM,20102011,0
JEFFREY_HAMILTON,20082009,0
AARON_JOHNSON,20122013,0
TONY_MARTENSSON,20032004,0
SHANE_WILLIS,20032004,0
JASON_MORGAN,20062007,0
PATRICK_LEAHY,20052006,0
JEFF_MACMILLAN,20032004,0
ANTERO_NIITTYMAKI,20102011,0
KRONWALL_KRONVALL,20072008,0
KEVIN_MILLER,20032004,0
DOUG_DOULL,20052006,0
DWAYNE_ZINGER,20032004,0
LUKAS_KRAJICEK,20092010,0
JASON_MACDONALD,20032004,0
ROB_SKRLAC,20032004,0
NOAH_CLARKE,20072008,0
FEDOR_FEDOROV,20052006,0
BENOIT_GRATTON,20032004,0
TIMOFEI_SHISHKANOV,20052006,0
REINHARD_DIVIS,20052006,0
JEREMY_YABLONSKI,20032004,0
MIKKO_LUOMA,20032004,0
CHRIS_HAJT,20032004,0
THOMAS_PIHLMAN,20052006,0
DARCY_VEROT,20032004,0
MARK_POPOVIC,20092010,0
ALEKSANDER_SUGLOBOV,20062007,0
NOLAN_SCHAEFER,20052006,0
COLTON_ORR,20132014,0
ANTON_BABCHUK,20122013,0
MARTIN_SONNENBERG,20032004,0
MIKE_SMITH,20132014,0
PIERRE_HEDIN,20032004,0
TYLER_BOUCK,20062007,0
CARL_CORAZZINI,20062007,0
JAME_POLLOCK,20032004,0
ZBYNEK_MICHALEK,20132014,0
LAWRENCE_NYCHOLAT,20082009,0
CARLO_COLAIACOVO,20132014,0
JEREMY_REICH,20072008,0
JOZEF_BALEJ,20052006,0
BRAD_MORAN,20062007,0
MIKE_BISHAI,20032004,0
GARTH_MURRAY,20082009,0
CHRIS_ARMSTRONG,20032004,0
CASEY_HANKINSON,20032004,0
MATT_ELLISON,20052006,0
JOE_MOTZKO,20082009,0
GRAHAM_MINK,20032004,0
MIKE_GREEN,20132014,0
DAN_ELLIS,20132014,0
ROB_SCUDERI,20132014,0
FEDOR_TYUTIN,20132014,0
MICHAEL_MORRISON,20062007,0
CORY_LAROSE,20032004,0
TODD_REIRDEN,20032004,0
ANDY_CHIODO,20032004,0
SERGE_PAYER,20062007,0
ADAM_MUNRO,20052006,0
MIKHAIL_KULESHOV,20032004,0
MATT_KEITH,20072008,0
ANDERS_MYRVOLD,20032004,0
DENIS_GREBESHKOV,20132014,0
QUINTIN_LAING,20092010,0
BRAD_LEEB,20032004,0
JOHN_SLANEY,20032004,0
BENOIT_DUSABLON,20032004,0
KEN_GERNANDER,20032004,0
MATT_UNDERHILL,20032004,0
RANDY_JONES,20112012,0
FREDERICK_MEYER,20102011,0
ERIK_WESTRUM,20062007,0
BRYCE_LAMPMAN,20052006,0
OWEN_FUSSEY,20032004,0
GORAN_BEZINA,20032004,0
JASON_JASPERS,20032004,0
JOSH_OLSON,20032004,0
MICHAL_BARINKA,20052006,0
BROOKS_LAICH,20132014,0
MATT_HUSSEY,20052006,0
MIKE_STUTZEL,20032004,0
ANDREJ_PODKONICKY,20032004,0
ROMAN_TVRDON,20032004,0
MATTHEW_YEATS,20032004,0
WADE_DUBIELEWICZ,20092010,0
GREG_MAULDIN,20102011,0
MIKE_PANDOLFO,20032004,0
JAKUB_CUTTA,20032004,0
ERIC_PERRIN,20082009,0
DON_MACLEAN,20062007,0
GARRET_STROSHEIN,20032004,0
LAYNE_ULMER,20032004,0
BRAD_FAST,20032004,0
MARCEL_GOC,20132014,0
ANDREW_ALBERTS,20132014,0
KEVIN_DALLMAN,20072008,0
YANN_DANIS,20122013,0
HANNU_TOIVONEN,20072008,0
CHRIS_CAMPOLI,20112012,0
ROBERT_NILSSON,20092010,0
PETTERI_NOKELAINEN,20112012,0
RYAN_HOLLWEG,20102011,0
JAROSLAV_BALASTIK,20062007,0
GILBERT_BRULE,20112012,0
JAMIE_HEWARD,20082009,0
BRAYDON_COBURN,20132014,0
ROSTISLAV_OLESZ,20132014,0
JIM_SLATER,20132014,0
BRANDON_BOCHENSKI,20092010,0
BRIAN_MCGRATTAN,20132014,0
ANDREJ_MESZAROS,20132014,0
ANDY_WOZNIEWSKI,20092010,0
MAXIME_TALBOT,20132014,0
TIMO_HELBLING,20062007,0
NIKLAS_NORDGREN,20052006,0
JEFF_HOGGAN,20092010,0
JIMMY_HOWARD,20132014,0
BRETT_LEBDA,20112012,0
ANDY_ROACH,20052006,0
RYANE_CLOWE,20132014,0
RENE_BOURQUE,20132014,0
DEREK_BOOGAARD,20102011,0
MATT_FOY,20072008,0
GEORGE_PARROS,20132014,0
KEITH_BALLARD,20132014,0
DAVID_LENEVEU,20102011,0
ALEXANDER_PEREZHOGIN,20062007,0
JEFF_WOYWITKA,20112012,0
MICHAEL_GARNETT,20052006,0
JOSH_GORGES,20132014,0
PETR_PRUCHA,20102011,0
BRAD_WINCHESTER,20112012,0
PATRICK_EAVES,20132014,0
AL_MONTOYA,20132014,0
ADAM_BERKHOEL,20052006,0
CAM_BARKER,20122013,0
PAUL_RANGER,20132014,0
KYLE_BRODZIAK,20132014,0
CHRIS_HOLT,20082009,0
ANTHONY_STEWART,20112012,0
COLIN_HEMINGWAY,20052006,0
EVGENY_ARTYUKHIN,20092010,0
NICK_TARNASKY,20092010,0
STEVEN_GOERTZEN,20092010,0
MICHAEL_WALL,20062007,0
CHRISTOPH_SCHUBERT,20092010,0
JUNIOR_LESSARD,20072008,0
VOJTECH_POLAK,20062007,0
KEVIN_COLLEY,20052006,0
DIMITRI_PATZOLD,20072008,0
BRIAN_EKLUND,20052006,0
JAKUB_KLEPIS,20062007,0
ZENON_KONOPKA,20132014,0
ERIK_CHRISTENSEN,20112012,0
RYAN_WHITNEY,20132014,0
ROB_MCVICAR,20052006,0
TOMAS_FLEISCHMANN,20132014,0
DAN_SMITH,20052006,0
DANNY_SYVRET,20102011,0
MARTIN_ST. PIERRE,20092010,0
STEVE_BERNIER,20132014,0
CAM_JANSSEN,20132014,0
JEFF_GIULIANO,20072008,0
JAY_LEACH,20102011,0
TREVOR_GILLIES,20112012,0
YANICK_LEHOUX,20062007,0
DENNIS_WIDEMAN,20132014,0
GERALD_COLEMAN,20052006,0
MARK_CULLEN,20112012,0
DANNY_RICHMOND,20072008,0
BARRY_TALLACKSON,20082009,0
GREG_JACINA,20062007,0
ADAM_HAUSER,20052006,0
ALEXANDRE_PICARD,20092010,0
SHANE_ENDICOTT,20052006,0
MICHEL_OUELLET,20082009,0
JEREMY_COLLITON,20102011,0
OLE-KRISTIAN_TOLLEFSEN,20092010,0
GRANT_STEVENSON,20052006,0
KYLE_QUINCEY,20132014,0
MATT_JONES,20072008,0
BRAD_RICHARDSON,20132014,0
RYAN_READY,20052006,0
JEAN-PHILIPPE_COTE,20052006,0
BEN_EAGER,20132014,0
JEFF_TAMBELLINI,20102011,0
GEOFF_PLATT,20072008,0
GREG_ZANON,20122013,0
DOUG_MURRAY,20062007,0
CHRIS_THORBURN,20132014,0
KEVIN_KLEIN,20132014,0
CHAD_LAROSE,20122013,0
VITALIY_KOLESNIK,20052006,0
JOSH_GRATTON,20082009,0
PEKKA_RINNE,20132014,0
PETR_KANKO,20052006,0
ROB_COLLINS,20052006,0
RYAN_CRAIG,20132014,0
DARREN_REID,20062007,0
CHRIS_BECKFORD-TSEU,20072008,0
KEVIN_BIEKSA,20132014,0
RICK_RYPIEN,20102011,0
DANIEL_PAILLE,20132014,0
ROB_GLOBKE,20072008,0
COLBY_ARMSTRONG,20122013,0
RICHIE_REGEHR,20062007,0
MATT_RYAN,20052006,0
JONATHAN_FERLAND,20052006,0
NATHAN_PAETSCH,20092010,0
CONNOR_JAMES,20072008,0
BEN_WALTER,20082009,0
JIRI_NOVOTNY,20082009,0
RICHARD_PETIOT,20102011,0
JON_DISALVATORE,20052006,0
COREY_CRAWFORD,20132014,0
ALEXANDRE R._PICARD,20112012,0
KEITH_AUCOIN,20122013,0
JASON_RYZNAR,20052006,0
JAY_HARRISON,20132014,0
BEN_GUITE,20092010,0
MARK_GIORDANO,20132014,0
MIKE_GLUMAC,20072008,0
DAVID_GOVE,20052006,0
JEAN-FRANCOIS_JACQUES,20112012,0
DAN_JANCEVSKI,20082009,0
TOMAS_MOJZIS,20082009,0
MATT_CARKNER,20132014,0
LOUIS_ROBITAILLE,20052006,0
STEFAN_RUZICKA,20072008,0
JOAKIM_LINDSTROM,20112012,0
PRESTIN_RYAN,20052006,0
MATHIEU_ROY,20122013,0
TOMAS_KOPECKY,20132014,0
DUSTIN_BYFUGLIEN,20132014,0
YAN_STASTNY,20092010,0
BEN_ONDRUS,20062007,0
MARK_STUART,20132014,0
BRENDAN_BELL,20112012,0
NOAH_WELCH,20102011,0
FILIP_NOVAK,20062007,0
ALEXANDRE_GIROUX,20112012,0
KONSTANTIN_PUSHKARYOV,20062007,0
BILL_THOMAS,20112012,0
MARC-ANTOINE_POULIOT,20112012,0
CARSEN_GERMYN,20052006,0
STEVE_REGIER,20082009,0
JARKKO_IMMONEN,20062007,0
RYAN_POTULNY,20102011,0
ERIK_REITZ,20082009,0
JOEL_PERRAULT,20102011,0
DAVID_LIFFITON,20102011,0
DAVID_PRINTZ,20062007,0
MATT_KOALSKA,20052006,0
RYAN_CALDWELL,20052006,0
COLE_JARRETT,20052006,0
JEREMY_WILLIAMS,20082009,0
TOBY_PETERSEN,20112012,0
NIGEL_DAWES,20102011,0
ANDREAS_KARLSSON,20072008,0
KRIS_LETANG,20132014,0
NIKLAS_BACKSTROM,20132014,0
PETTERI_NUMMELIN,20072008,0
PATRICK_THORESEN,20072008,0
PATRICK_FISCHER,20062007,0
D.J._KING,20102011,0
FREDRIK_NORRENA,20082009,0
GUILLAUME_LATENDRESSE,20122013,0
SHANE_O'BRIEN,20132014,0
PATRICK_O'SULLIVAN,20112012,0
RYAN_SHANNON,20112012,0
MIKKO_LEHTONEN,20092010,0
ROMAN_POLAK,20132014,0
LUC_BOURDON,20072008,0
ALEXEI_KAIGORODOV,20062007,0
ADAM_BURISH,20122013,0
ALEXANDER_BROOKS,20062007,0
JANIS_SPRUKTS,20062007,0
NATE_THOMPSON,20132014,0
VILLE_PELTONEN,20082009,0
MIKE_BLUNDEN,20132014,0
MATT_LASHOFF,20102011,0
TRISTON_GRANT,20092010,0
LARS_JONSSON,20062007,0
DUSTIN_BOYD,20102011,0
BRANDON_PRUST,20132014,0
JAN_HEJDA,20132014,0
PATRICK_COULOMBE,20062007,0
NATHAN_MCIVER,20082009,0
PETR_TENKRAT,20062007,0
MIKE_CARD,20062007,0
DREW_LARMAN,20092010,0
MICHAEL_FUNK,20072008,0
DAVID_BOOTH,20132014,0
BLAIR_JONES,20132014,0
JUSSI_TIMONEN,20062007,0
MICHAEL_RYAN,20082009,0
PETER_HARROLD,20132014,0
JEFF_DESLAURIERS,20112012,0
MARTIN_HOULE,20062007,0
BARRY_BRUST,20062007,0
RYAN_CALLAHAN,20132014,0
SHAWN_BELLE,20102011,0
KARRI_RAMO,20132014,0
NICKLAS_GROSSMANN,20132014,0
JOEL_LUNDQVIST,20082009,0
BLAKE_COMEAU,20132014,0
DEREK_MEECH,20122013,0
MAREK_SCHWARZ,20072008,0
CHRIS_CONNER,20132014,0
ANDREJ_SEKERA,20132014,0
JOSHUA_HENNESSY,20092010,0
YUTAKA_FUKUFUJI,20062007,0
MATT_ELLIS,20112012,0
DAVID_MOSS,20132014,0
JEFF_FINGER,20092010,0
JEFF_SCHULTZ,20122013,0
KRIS_NEWBURY,20132014,0
TROY_BROUWER,20132014,0
KENT_HUSKINS,20122013,0
KYLE_CUMISKEY,20102011,0
AARON_ROME,20122013,0
TIM_BRENT,20122013,0
MARK_FRASER,20132014,0
TOBIAS_STEPHAN,20082009,0
COLIN_FRASER,20132014,0
BJORN_MELIN,20062007,0
KAMIL_KREPS,20092010,0
JONATHAN_SIGALET,20062007,0
TOM_GILBERT,20132014,0
ANDREW_GREENE,20132014,0
KRYS_BARCH,20132014,0
NATHAN_GUENIN,20132014,0
ZACK_STORTINI,20102011,0
TOMAS_PLIHAL,20082009,0
DANIEL_GIRARDI,20132014,0
TOMAS_POPPERLE,20062007,0
ROD_PELLEY,20112012,0
MARTIN_LOJEK,20072008,0
DREW_FATA,20072008,0
SHELDON_BROOKBANK,20132014,0
P.A._PARENTEAU,20132014,0
JAROSLAV_HALAK,20132014,0
DUNCAN_MILROY,20062007,0
JOHN_ZEILER,20102011,0
PATRICK_KALETA,20132014,0
MARK_MANCARI,20102011,0
MARC_METHOT,20132014,0
DAN_CARCILLO,20132014,0
RICH_PEVERLEY,20132014,0
BRYAN_YOUNG,20072008,0
DAVID_KOCI,20102011,0
GABE_GAUTHIER,20062007,0
DAVID_CLARKSON,20132014,0
SEBASTIEN_BISAILLON,20062007,0
JOE_PISKULA,20132014,0
PETR_KALUS,20062007,0
RILEY_COTE,20082009,0
DANIEL_LACOSTA,20082009,0
RYAN_PARENT,20102011,0
ROB_SCHREMP,20102011,0
JONAS_NORDQVIST,20062007,0
DREW_MILLER,20132014,0
RYAN_CARTER,20132014,0
JONAS_HILLER,20132014,0
BRADY_MURRAY,20072008,0
CAREY_PRICE,20132014,0
JAROSLAV_HLINKA,20072008,0
MATT_NISKANEN,20132014,0
CORY_MURPHY,20092010,0
NICLAS_BERGFORS,20112012,0
MIKE_LUNDIN,20122013,0
MATT_SMABY,20102011,0
MAGNUS_JOHANSSON,20072008,0
PATRICK_KANE,20132014,0
CURTIS_MCELHINNEY,20132014,0
DENIS_TOLPEKO,20072008,0
SAM_GAGNER,20132014,0
MICHAEL_GRIER,20102011,0
TORREY_MITCHELL,20132014,0
MARTIN_HANZAL,20132014,0
ERIK_JOHNSON,20132014,0
PETER_MUELLER,20122013,0
STEVE_WAGNER,20082009,0
CRAIG_WELLER,20082009,0
DANIEL_WINNIK,20132014,0
JARED_BOLL,20132014,0
KRIS_RUSSELL,20132014,0
BRETT_STERLING,20112012,0
MASON_RAYMOND,20132014,0
VILLE_KOISTINEN,20092010,0
KYLE_CHIPCHURA,20132014,0
JAMES_SHEPPARD,20132014,0
PETTERI_WIRTANEN,20072008,0
ONDREJ_PAVELEC,20132014,0
ANTON_STRALMAN,20132014,0
STEFAN_MEYER,20102011,0
JIRI_TLUSTY,20132014,0
MIKE_WEBER,20132014,0
CAL_CLUTTERBUCK,20132014,0
LUKAS_KASPAR,20082009,0
DEVIN_SETOGUCHI,20132014,0
OLLI_MALMIVAARA,20072008,0
CHRIS_BOURQUE,20122013,0
TUUKKA_RASK,20132014,0
MATT_HUNWICK,20132014,0
AARON_VOROS,20102011,0
TANNER_GLASS,20132014,0
JEFF_DROUIN-DESLAURIERS,20092010,0
IVAN_BARANKA,20072008,0
GREG_MOORE,20072008,0
ALEXANDER_NIKULIN,20082009,0
JAKE_DOWELL,20112012,0
VLADIMIR_SOBOTKA,20132014,0
THOMAS_GREISS,20132014,0
PETRI_KONTIOLA,20072008,0
TIM_RAMHOLT,20072008,0
T.J._HENSICK,20102011,0
RYAN_O'BYRNE,20122013,0
LIAM_REDDOX,20102011,0
JASON_JAFFRAY,20112012,0
DREW_MACINTYRE,20112012,0
CODY_BASS,20112012,0
ANTTI_PIHLSTROM,20082009,0
CODY_MCLEOD,20132014,0
DAVID_JONES,20132014,0
BRANDON_NOLAN,20072008,0
MARK_FISTRIC,20132014,0
ANDREW_MURRAY,20112012,0
COLIN_STUART,20112012,0
COREY_LOCKE,20102011,0
JACK_SKILLE,20132014,0
CASEY_BORER,20092010,0
KEVIN_DOELL,20072008,0
JOHNNY_BOYCHUK,20132014,0
STEVE_MASON,20132014,0
JORDAN_HENDRY,20102011,0
RYAN_STONE,20092010,0
DERICK_BRASSARD,20132014,0
TIM_CONBOY,20092010,0
ILJA_ZUBOV,20082009,0
PASCAL_PELLETIER,20082009,0
SHAWN_MATTHIAS,20132014,0
B.J._CROMBEEN,20132014,0
JONATHAN_FILEWICH,20072008,0
CHRISTOPHER_MINARD,20092010,0
DARRYL_BOYCE,20112012,0
BENJAMIN_ONDRUS,20082009,0
ROBERT_EARL,20102011,0
DAVID_BRINE,20072008,0
DANE_BYERS,20112012,0
ZACH_FITZGERALD,20072008,0
KYLE_GREENTREE,20082009,0
SAMI_LEPISTO,20112012,0
MIKE_BRODEUR,20102011,0
JOE_JENSEN,20072008,0
MIKE_IGGULDEN,20082009,0
ERIK_ERSBERG,20092010,0
JONATHAN_ERICSSON,20132014,0
ANDREW_EBBETT,20132014,0
MARC-ANDRE_GRAGNANI,20112012,0
GARRETT_STAFFORD,20102011,0
NIKLAS_HJALMARSSON,20132014,0
THEO_PECKHAM,20122013,0
DARREN_HELM,20132014,0
MATTIAS_RITOLA,20112012,0
KYLE_OKPOSO,20132014,0
BORIS_VALABIK,20092010,0
CLAY_WILSON,20112012,0
DANIEL_TAYLOR,20122013,0
JESSE_WINCHESTER,20132014,0
JORDAN_LAVALLEE-SMOTHERMAN,20082009,0
JACK_HILLEN,20132014,0
MATT_D'AGOSTINI,20132014,0
JUSTIN_ABDELKADER,20132014,0
ADAM_PINEAULT,20072008,0
KYLE_TURRIS,20132014,0
TOM_CAVANAGH,20082009,0
GREGORY_STEWART,20092010,0
TOM_SESTITO,20132014,0
P. J._AXELSSON,20082009,0
LAURI_KORPIKOSKI,20132014,0
VLADIMIR_MIHALIK,20092010,0
JANNE_NISKALA,20082009,0
PAUL_BISSONNETTE,20132014,0
JONAS_FROGREN,20082009,0
NIKLAS_KRONWALL,20132014,0
NIKOLAI_KULEMIN,20132014,0
JOHN_MITCHELL,20132014,0
LUKE_SCHENN,20132014,0
BLAKE_WHEELER,20132014,0
ADAM_PARDY,20132014,0
ANSSI_SALMELA,20102011,0
ZACH_BOGOSIAN,20132014,0
RYAN_JONES,20132014,0
ALEX_PIETRANGELO,20132014,0
CHRIS_PORTER,20122013,0
JAMES_NEAL,20132014,0
JARED_ROSS,20092010,0
MICHAEL_FROLIK,20132014,0
COLTON_GILLIES,20122013,0
MIKKEL_BOEDKER,20132014,0
DEREK_DORSETT,20132014,0
KEVIN_PORTER,20132014,0
VIKTOR_TIKHONOV,20082009,0
DREW_DOUGHTY,20132014,0
OSCAR_MOLLER,20102011,0
NATHAN_OYSTRICK,20102011,0
FABIAN_BRUNNSTROM,20112012,0
STEVE_MACINTYRE,20102011,0
NIKITA_FILATOV,20112012,0
BRAD_STAUBITZ,20122013,0
ZACH_BOYCHUK,20132014,0
PETR_VRANA,20082009,0
TYLER_SLOAN,20102011,0
PIERRE-LUC_LETOURNEAU-LEBLOND,20112012,0
ANDREAS_NODL,20122013,0
BEN_BISHOP,20132014,0
JASON_GARRISON,20132014,0
BRETT_SKINNER,20082009,0
DWIGHT_HELMINEN,20092010,0
JAMIE_MCGINN,20132014,0
MATT_HALISCHUK,20132014,0
MITCHELL_FRITZ,20082009,0
JANNE_PESONEN,20082009,0
PATRICK_DWYER,20132014,0
PATRICK_DAVIS,20092010,0
CAM_PADDOCK,20082009,0
BRETT_FESTERLING,20112012,0
JOHN_CURRY,20092010,0
PETER_MANNINO,20112012,0
JON_KALINSKI,20092010,0
CORY_SCHNEIDER,20132014,0
KARL_ALZNER,20132014,0
TIM_SESTITO,20132014,0
ANDRE_DEVEAUX,20112012,0
ALEXANDRE_BOLDUC,20122013,0
JOEY_CRABB,20122013,0
ZACK_SMITH,20132014,0
RILEY_ARMSTRONG,20082009,0
RADEK_SMOLENAK,20082009,0
PAUL_SZCZECHURA,20112012,0
KENNDAL_MCARDLE,20112012,0
JUSTIN_PETERS,20132014,0
CHRIS_STEWART,20132014,0
SEAN_COLLINS,20132014,0
BRETT_CARSON,20122013,0
WARREN_PETERS,20112012,0
COREY_POTTER,20132014,0
JAIME_SIFERS,20092010,0
MICHAL_REPIK,20112012,0
BEN_LOVEJOY,20132014,0
JOE_CALLAHAN,20102011,0
TIM_WALLACE,20122013,0
OSKAR_OSALA,20082009,0
TOM_WANDELL,20122013,0
BRYAN_RODNEY,20112012,0
SEMYON_VARLAMOV,20132014,0
PHILIPPE_DUPUIS,20112012,0
MARTINS_KARSUMS,20082009,0
BEN_MAXWELL,20112012,0
JONAS_JUNLAND,20092010,0
TYSON_STRACHAN,20132014,0
CHRIS_BUTLER,20132014,0
TREVOR_LEWIS,20132014,0
JUSTIN_POGGE,20082009,0
ANDREW_GORDON,20122013,0
BRETT_SUTTER,20132014,0
DUSTIN_JEFFREY,20132014,0
TIM_KENNEDY,20132014,0
TREVOR_SMITH,20132014,0
JOSH_TORDJMAN,20082009,0
MAX_PACIORETTY,20132014,0
BRENDAN_MIKKELSON,20122013,0
TY_WISHART,20102011,0
JOHN_SCOTT,20132014,0
MAKSIM_MAYOROV,20112012,0
DEREK_JOSLIN,20122013,0
YANNICK_WEBER,20132014,0
MIKE_SANTORELLI,20132014,0
MIKAEL_BACKLUND,20132014,0
MATT_BELESKEY,20132014,0
BYRON_BITZ,20112012,0
KEVIN_QUICK,20082009,0
ALEXANDER_SULZER,20132014,0
TROY_BODIE,20132014,0
CHRIS_DURNO,20092010,0
KURTIS_MCLEAN,20082009,0
PETER_REGIN,20132014,0
KEVIN_WESTGARTH,20132014,0
PETER_OLVECKY,20082009,0
VILLE_LEINO,20132014,0
MICHAL_NEUVIRTH,20132014,0
MIKE_MCKENNA,20132014,0
ARTEM_ANISIMOV,20132014,0
LUCA_CAPUTI,20102011,0
DAVIS_DREWISKE,20122013,0
DAVID_SCHLEMKO,20132014,0
JAKUB_PETRUZALEK,20082009,0
JAY_BEAGLE,20132014,0
RYAN_VESCE,20092010,0
STAFFAN_KRONWALL,20092010,0
RAYMOND_SAWADA,20102011,0
BRIAN_SALCIDO,20082009,0
JHONAS_ENROTH,20132014,0
TIM_STAPLETON,20112012,0
DAVID_VAN DER GULIK,20122013,0
CAL_O'REILLY,20112012,0
JESSE_JOENSUU,20132014,0
GRANT_LEWIS,20082009,0
BRANDON_SEGAL,20112012,0
JOEL_RECHLICZ,20092010,0
PHIL_ORESKOVIC,20082009,0
MATT_HENDRICKS,20132014,0
SPENCER_MACHACEK,20112012,0
DEREK_PELTIER,20092010,0
MICHAEL_VERNACE,20102011,0
T.J._GALIARDI,20132014,0
MICHAEL_SAUER,20112012,0
WES_O'NEILL,20092010,0
RAY_MACIAS,20102011,0
CHRISTIAN_HANSON,20092010,0
JOHN_NEGRIN,20082009,0
MATT_PELECH,20132014,0
MATT_CLIMIE,20102011,0
AARON_MACKENZIE,20082009,0
IVAN_VISHNEVSKIY,20092010,0
GEOFF_KINRADE,20082009,0
PER_LEDIN,20082009,0
TAYLOR_CHORNEY,20112012,0
JAMIE_FRITSCH,20082009,0
JONAS_GUSTAVSSON,20132014,0
JAY_ROSEHILL,20132014,0
VIKTOR_STALBERG,20132014,0
JASON_DEMERS,20132014,0
BENN_FERRIERO,20122013,0
RYAN_O'REILLY,20132014,0
SERGEI_SHIROKOV,20102011,0
JOHAN_BACKLUND,20092010,0
MIKA_PYORALA,20092010,0
JAMES_VAN RIEMSDYK,20132014,0
MATT_GILROY,20132014,0
DMITRY_KULIKOV,20132014,0
TYLER_MYERS,20132014,0
JOHN_TAVARES,20132014,0
ERIK_KARLSSON,20132014,0
VICTOR_HEDMAN,20132014,0
JAMES_WRIGHT,20132014,0
TEEMU_LAAKSO,20112012,0
FRAZER_MCLAREN,20132014,0
ALEC_MARTINEZ,20132014,0
ILKKA_PIKKARAINEN,20092010,0
ALEXANDER_SALAK,20092010,0
GUILLAUME_DESBIENS,20112012,0
STEVEN_ZALEWSKI,20112012,0
TYLER_BOZAK,20132014,0
RYAN_WILSON,20132014,0
AARON_GAGNON,20122013,0
BRADEN_HOLTBY,20132014,0
FRANCIS_WATHIER,20102011,0
SCOTT_PARSE,20112012,0
ANTON_KHUDOBIN,20132014,0
MARIO_BLIZNAK,20102011,0
DAVID_LALIBERTE,20092010,0
VICTOR_ORESKOVICH,20112012,0
ANDREAS_THURESSON,20102011,0
MATHIEU_CARLE,20092010,0
MATHIEU_PERREAULT,20132014,0
TOM_PYATT,20132014,0
RYAN_WHITE,20132014,0
LARS_ELLER,20132014,0
SHAUN_HESHKA,20092010,0
DERYK_ENGELLAND,20132014,0
RYAN_O'MARRA,20112012,0
OSKARS_BARTULIS,20102011,0
CARL_GUNNARSSON,20132014,0
TYLER_ENNIS,20132014,0
MARK_LETESTU,20132014,0
DEAN_ARSENE,20092010,0
DANNY_IRMEN,20092010,0
TYLER_ECKFORD,20102011,0
JOHN_CARLSON,20132014,0
MATTHEW_CORRENTE,20102011,0
DEVAN_DUBNYK,20132014,0
JAMES_WYMAN,20122013,0
RYAN_KELLER,20092010,0
DAVID_DESHARNAIS,20132014,0
ANDREI_LOKTIONOV,20132014,0
BRAYDEN_SCHENN,20132014,0
BOBBY_SANGUINETTI,20122013,0
COLIN_MCDONALD,20132014,0
VLADIMIR_ZHARKOV,20112012,0
MIKE_DUCO,20112012,0
JAKUB_KINDL,20132014,0
DAN_SEXTON,20102011,0
ILKKA_HEIKKINEN,20092010,0
CHAD_JOHNSON,20132014,0
JUSTIN_MERCIER,20092010,0
RYAN_STOA,20102011,0
NICK_SPALING,20132014,0
KYLE_WILSON,20112012,0
COREY_ELKINS,20092010,0
CLAYTON_STONER,20132014,0
MAXIME_FORTUNUS,20092010,0
ADAM_MCQUAID,20132014,0
BRANDON_YIP,20132014,0
MATT_ZABA,20092010,0
JEROME_SAMSON,20112012,0
EVAN_OBERG,20112012,0
JOHN_MCCARTHY,20132014,0
KASPARS_DAUGAVINS,20122013,0
KEATON_ELLERBY,20132014,0
DUSTIN_TOKARSKI,20112012,0
DRAYSON_BOWMAN,20132014,0
ALEXANDER_PECHURSKI,20092010,0
NICK_PALMIERI,20112012,0
DUSTIN_KOHN,20092010,0
NICK_JOHNSON,20122013,0
ALEX_PLANTE,20112012,0
BROCK_TROTTER,20092010,0
MATT_MARTIN,20132014,0
RICH_CLUNE,20132014,0
CODY_ALMOND,20112012,0
ARTURS_KULDA,20112012,0
DEREK_SMITH,20132014,0
GRANT_CLITSOME,20132014,0
MARC-ANDRE_CLICHE,20132014,0
JOHAN_MOTIN,20092010,0
TIMO_PIELMEIER,20102011,0
DYLAN_REESE,20122013,0
JEFFREY_PENNER,20092010,0
JAMIE_MCBAIN,20132014,0
JEREMY_DUCHESNE,20092010,0
JUSTIN_FALK,20132014,0
CASEY_WELLMAN,20112012,0
MARK_FLOOD,20112012,0
NICK_BONINO,20132014,0
CARTER_HUTTON,20132014,0
TOMAS_KANA,20092010,0
BOBBY_BUTLER,20122013,0
CHARLES_LINGLET,20092010,0
ANDREW_BODNARCHUK,20092010,0
CHAD_KOLARIK,20102011,0
NATE_PROSSER,20132014,0
EVGENY_DADONOV,20112012,0
JARED_COWEN,20132014,0
PHILIP_LARSEN,20132014,0
MAXIM_NOREAU,20102011,0
MICHEAL_HALEY,20122013,0
ZACH_HAMILL,20112012,0
ERIC_TANGRADI,20132014,0
BRAD_THIESSEN,20112012,0
ZAC_DALPE,20132014,0
JEFF_SKINNER,20132014,0
MARK_OLVER,20122013,0
T.J._BRODIE,20132014,0
TAYLOR_HALL,20132014,0
HENRIK_KARLSSON,20112012,0
MAGNUS_PAAJARVI,20132014,0
TOMMY_WINGELS,20132014,0
MATT_TAORMINA,20132014,0
ALEXANDER_URBOM,20132014,0
ALEXANDER_BURMISTROV,20122013,0
MARCUS_JOHANSSON,20132014,0
OLIVER_EKMAN-LARSSON,20132014,0
DEREK_STEPAN,20132014,0
NINO_NIEDERREITER,20132014,0
DANA_TYRELL,20122013,0
ANDERS_LINDBACK,20132014,0
BRANDON_PIRRI,20132014,0
KYLE_CLIFFORD,20132014,0
JAKE_MUZZIN,20132014,0
JORDAN_CARON,20132014,0
RYAN_REAVES,20132014,0
MARK_DEKANICH,20102011,0
JACOB_JOSEFSON,20132014,0
ROBIN_LEHNER,20132014,0
JONAS_HOLOS,20102011,0
BRIAN_FAHEY,20102011,0
MIKE_MOORE,20102011,0
NICK_HOLDEN,20132014,0
OLIVIER_MAGNAN,20102011,0
ALEXANDER_VASYUNOV,20102011,0
EVAN_BROPHEY,20112012,0
LUKE_ADAM,20132014,0
EVGENY_GRACHEV,20112012,0
BEN_SMITH,20132014,0
LINUS_KLASEN,20102011,0
BRAD_MILLS,20132014,0
JON_MATSUMOTO,20102011,0
ERIC_WELLWOOD,20112012,0
KYLE_PALMIERI,20132014,0
KEVIN_SHATTENKIRK,20132014,0
JEFF_FRAZEE,20122013,0
STEPHEN_GIONTA,20132014,0
MATT_KASSIAN,20132014,0
IAN_COLE,20132014,0
NIKITA_NIKITIN,20132014,0
KORBINIAN_HOLZER,20122013,0
JEREMY_MORIN,20132014,0
COLBY_COHEN,20102011,0
MATTIAS_TEDENBY,20132014,0
NICK_DRAZENOVIC,20122013,0
JOHAN_HARJU,20102011,0
MARCO_SCANDELLA,20132014,0
KEITH_AULIE,20132014,0
DWIGHT_KING,20132014,0
BRANDON_MCMILLAN,20122013,0
TRAVIS_HAMONIC,20132014,0
JUSTIN_BRAUN,20132014,0
JAMIE_ARNIEL,20102011,0
JARED_SPURGEON,20132014,0
RICHARD_BACHMAN,20132014,0
ROB_KLINKHAMMER,20132014,0
JONAS_ANDERSSON,20102011,0
STEVEN_KAMPFER,20112012,0
LINUS_OMARK,20132014,0
RHETT_RAKHSHANI,20112012,0
ADAM_CRACKNELL,20132014,0
DALE_WEISE,20132014,0
NATHAN_LAWSON,20102011,0
AARON_VOLPATTI,20132014,0
CEDRICK_DESJARDINS,20122013,0
MATS_ZUCCARELLO,20132014,0
JAN_MURSAK,20112012,0
PATRICE_CORMIER,20122013,0
CHRIS_MUELLER,20122013,0
JEFF_PETRY,20132014,0
BRANDON_MASHINTER,20132014,0
BRETT_MACLEAN,20112012,0
TOMAS_TATAR,20132014,0
JIM_O'BRIEN,20122013,0
ANDREW_DESJARDINS,20132014,0
KEVIN_POULIN,20132014,0
MATT_CALVERT,20132014,0
MATT_BARTKOWSKI,20132014,0
PHILIP_MCRAE,20102011,0
MATT_HACKETT,20122013,0
THOMAS_MCCOLLUM,20102011,0
CHRISTOPHER_TANEV,20132014,0
CHRIS_SUMMERS,20122013,0
ANDREAS_ENGQVIST,20112012,0
CORY_EMMERTON,20132014,0
JACOB_MARKSTROM,20132014,0
PAUL_BYRON,20132014,0
TRAVIS_MORIN,20132014,0
LEE_SWEATT,20102011,0
ALEX_STALOCK,20132014,0
SCOTT_TIMMINS,20122013,0
COLIN_GREENING,20132014,0
CODY_HODGSON,20132014,0
MIKKO_KOSKINEN,20102011,0
COLTON_SCEVIOUR,20122013,0
JOHN_MOORE,20132014,0
LANCE_BOUMA,20132014,0
TOMAS_VINCOUR,20122013,0
JOE_VITALE,20132014,0
CAMERON_GAUNCE,20102011,0
BRENDON_NASH,20102011,0
ERIK_CONDRA,20132014,0
YANN_SAUVE,20102011,0
ANDRE_BENOIT,20132014,0
BEN_SCRIVENS,20132014,0
BRIAN_STRAIT,20132014,0
JONATHON_BLUM,20122013,0
MARK_KATIC,20102011,0
ROMAN_WICK,20102011,0
BLAKE_GEOFFRION,20112012,0
ERIK_GUSTAFSSON,20132014,0
HUGH_JESSIMAN,20102011,0
CAM_TALBOT,20132014,0
JUSTIN_DIBENEDETTO,20102011,0
BEN_HOLMSTROM,20112012,0
PAUL_POSTMA,20132014,0
AARON_PALUSHAJ,20122013,0
TEEMU_HARTIKAINEN,20122013,0
CHRIS_VANDEVELDE,20122013,0
PATRICK_WIERCIOCH,20132014,0
MARCUS_KRUGER,20132014,0
GREG_NEMISZ,20112012,0
TOMAS_KUBALIK,20112012,0
STEPHANE_DA COSTA,20132014,0
CARSON_MCMILLAN,20112012,0
ANDREY_ZUBAREV,20102011,0
JAMIE_DOORNBOSCH,20102011,0
DREW_BAGNALL,20102011,0
JOE_COLBORNE,20132014,0
MATT_FRATTIN,20132014,0
ADAM_HENRIQUE,20132014,0
CARL_KLINGBERG,20112012,0
ZAC_RINALDO,20132014,0
SEAN_COUTURIER,20132014,0
MATT_READ,20132014,0
RAPHAEL_DIAZ,20132014,0
JAKE_GARDINER,20132014,0
BRETT_CONNOLLY,20132014,0
JUSTIN_FAULK,20132014,0
MIKA_ZIBANEJAD,20132014,0
RYAN_JOHANSEN,20132014,0
DAVID_SAVARD,20132014,0
CRAIG_SMITH,20132014,0
MAXIME_MACENAUER,20112012,0
DEVANTE_SMITH-PELLY,20132014,0
BRANDON_SAAD,20132014,0
TIM_ERIXON,20122013,0
ADAM_LARSSON,20132014,0
BRETT_BULMER,20112012,0
ROMAN_HORAK,20122013,0
ALEXEI_EMELIN,20132014,0
MARK_SCHEIFELE,20132014,0
ANTON_LANDER,20132014,0
RYAN_NUGENT-HOPKINS,20132014,0
DAVID_RUNDBLAD,20132014,0
MATTIAS_EKHOLM,20132014,0
LENNART_PETRELL,20122013,0
KEITH_KINKAID,20122013,0
HARRY_ZOLNIERCZYK,20122013,0
SLAVA_VOYNOV,20132014,0
BRACKEN_KEARNS,20122013,0
ALLEN_YORK,20112012,0
ANDY_MIELE,20132014,0
PATRICK_MAROON,20132014,0
CODY_EAKIN,20132014,0
GUSTAV_NYQUIST,20132014,0
COLTEN_TEUBERT,20112012,0
COREY_TROPP,20132014,0
PETER_HOLLAND,20132014,0
ROBERT_BORTUZZO,20132014,0
EDDIE_LACK,20132014,0
KRIS_FREDHEIM,20112012,0
BRENDAN_SMITH,20132014,0
ANDERS_NILSSON,20132014,0
MARC-ANDRE_BOURDON,20112012,0
KEVIN_MARSHALL,20112012,0
DAVID_ULLSTROM,20122013,0
DMITRY_ORLOV,20132014,0
T.J._BRENNAN,20122013,0
CARL_HAGELIN,20132014,0
ZACK_KASSIAN,20132014,0
STEFAN_ELLIOTT,20122013,0
BRAYDEN_MCNABB,20132014,0
ROMAN_JOSI,20132014,0
DAVID_MCINTYRE,20112012,0
CADE_FAIRCHILD,20112012,0
LOUIS_LEBLANC,20132014,0
SIMON_DESPRES,20132014,0
JOE_FINLEY,20122013,0
LELAND_IRVING,20122013,0
MIKE_MURPHY,20112012,0
BILL_SWEATT,20122013,0
BRAD_MALONE,20132014,0
CALVIN_DE HAAN,20132014,0
CARL_SNEEP,20112012,0
JAROD_PALMER,20112012,0
GREG_RALLO,20122013,0
STU_BICKEL,20122013,0
MARCUS_FOLIGNO,20132014,0
RILEY_NASH,20132014,0
MIKE_HOFFMAN,20132014,0
RYAN_ELLIS,20132014,0
JOAKIM_ANDERSSON,20132014,0
GABRIEL_BOURQUE,20132014,0
JIMMY_HAYES,20132014,0
JORDIE_BENN,20132014,0
DYLAN_OLSEN,20132014,0
ANDREW_SHAW,20132014,0
RYAN_RUSSELL,20112012,0
PIERRE-CEDRIC_LABRIE,20132014,0
IIRO_TARKKI,20112012,0
BRIAN_FOSTER,20112012,0
TOMAS_KUNDRATEK,20122013,0
MARK_BOROWIECKI,20132014,0
CHAD_RAU,20112012,0
MIKE_ANGELIDIS,20122013,0
MATT_FRASER,20132014,0
PHILIPPE_CORNET,20112012,0
AARON_NESS,20132014,0
TYSON_BARRIE,20132014,0
JORDAN_NOLAN,20132014,0
COLBY_ROBAK,20122013,0
MICHAEL_STONE,20132014,0
JOSH_HENNESSY,20112012,0
RYAN_GARBUTT,20132014,0
MATT_WATKINS,20112012,0
CARTER_CAMPER,20112012,0
CASEY_CIZIKAS,20132014,0
BRANDON_BOLLIG,20132014,0
LANE_MACDERMID,20132014,0
CARTER_ASHTON,20132014,0
BRANDON_MANNING,20122013,0
SVEN_BAERTSCHI,20132014,0
JADEN_SCHWARTZ,20132014,0
TRAVIS_TURNBULL,20112012,0
RYAN_HAMILTON,20132014,0
JUSSI_RYNNAS,20122013,0
REILLY_SMITH,20132014,0
JASON_ZUCKER,20132014,0
DALTON_PROUT,20132014,0
J.T._BROWN,20132014,0
CODY_GOLOUBEF,20122013,0
MAT_CLARK,20112012,0
TOREY_KRUG,20132014,0
MATT_DONOVAN,20132014,0
GABRIEL_DUMONT,20122013,0
AKIM_ALIU,20122013,0
JEREMY_WELSH,20132014,0
CHAY_GENOWAY,20112012,0
BRENDEN_DILLON,20132014,0
CHRIS_KREIDER,20132014,0
MARK_STONE,20122013,0
JAKOB_SILFVERBERG,20132014,0
JAKE_ALLEN,20122013,0
SCOTT_LAUGHTON,20122013,0
DOUGIE_HAMILTON,20132014,0
ALEX_GALCHENYUK,20132014,0
LEO_KOMAROV,20122013,0
MICHAEL_KOSTKA,20132014,0
STEFAN_MATTEAU,20122013,0
CORY_CONACHER,20132014,0
MICHAEL_CARUSO,20122013,0
JONATHAN_HUBERDEAU,20132014,0
DAMIEN_BRUNNER,20132014,0
VLADIMIR_TARASENKO,20132014,0
CRISTOPHER_NILSTORP,20122013,0
PATRICK_BORDELEAU,20132014,0
MIKAEL_GRANLUND,20132014,0
FREDERIK_ANDERSEN,20132014,0
RICKARD_RAKELL,20132014,0
MIKHAIL_GRIGORENKO,20132014,0
MATT_IRWIN,20132014,0
JUSTIN_SCHULTZ,20132014,0
NAIL_YAKUPOV,20132014,0
BRIAN_LASHOFF,20132014,0
VIKTOR_FASTH,20132014,0
BRENDAN_GALLAGHER,20132014,0
DREW_SHORE,20132014,0
TYE_MCGINN,20132014,0
JORDAN_SCHROEDER,20122013,0
JONAS_BRODIN,20132014,0
QUINTON_HOWDEN,20122013,0
ROMAN_CERVENKA,20122013,0
THOMAS_HICKEY,20132014,0
MATT_ANDERSON,20122013,0
EMERSON_ETEM,20132014,0
MICHAEL_SGARBOSSA,20122013,0
ZACH_REDMOND,20122013,0
JAMIE_OLEKSIAK,20132014,0
ANTOINE_ROUSSEL,20132014,0
SAMI_VATANEN,20132014,0
JONATHAN_AUDY-MARCHESSAULT,20122013,0
CHARLIE_COYLE,20132014,0
J.T._MILLER,20132014,0
PETR_MRAZEK,20132014,0
RYAN_SPOONER,20132014,0
MARK_ARCOBELLO,20132014,0
RADKO_GUDAS,20132014,0
ALEX_KILLORN,20132014,0
RICHARD_PANIK,20132014,0
CARL_SODERBERG,20132014,0
BEN_STREET,20132014,0
ANTHONY_PELUSO,20132014,0
DARCY_KUEMPER,20132014,0
MICHAL_JORDAN,20122013,0
BEAU_BENNETT,20132014,0
DAVE_DZIURZYNSKI,20122013,0
DEREK_GRANT,20132014,0
ERIC_GRYBA,20132014,0
JOHAN_LARSSON,20132014,0
RYAN_MURPHY,20132014,0
PHILIPP_GRUBAUER,20132014,0
BRIAN_FLYNN,20132014,0
ONDREJ_PALAT,20132014,0
STEVE_OLEKSY,20132014,0
JONATHAN_RHEAULT,20122013,0
VICTOR_BARTLEY,20132014,0
CHRIS_TERRY,20132014,0
GREG_PATERYN,20122013,0
CAMERON_SCHILLING,20122013,0
TYLER_JOHNSON,20132014,0
STEVEN_PINIZZOTTO,20122013,0
HARRI_PESONEN,20122013,0
JARRED_TINORDI,20132014,0
TYLER_TOFFOLI,20132014,0
MARK_PYSYK,20132014,0
ERIC_SELLECK,20122013,0
TAYLOR_BECK,20132014,0
BRETT_BELLEMORE,20132014,0
JEFF_ZATKOFF,20132014,0
ANDREJ_SUSTR,20132014,0
OLIVER_LAURIDSEN,20122013,0
NATHAN_BEAULIEU,20132014,0
NICKLAS_JENSEN,20122013,0
MATT_TENNYSON,20122013,0
ANDERS_LEE,20122013,0
ALEX_CHIASSON,20132014,0
DANNY_DEKEYSER,20132014,0
NICK_BJUGSTAD,20132014,0
MAXWELL_REINHART,20122013,0
AUSTIN_WATSON,20122013,0
MARK_BARBERIO,20132014,0
DANIEL_BANG,20122013,0
SAMI_AITTOKALLIO,20122013,0
JEAN-GABRIEL_PAGEAU,20132014,0
NICOLAS_BLANCHARD,20122013,0
CHAD_RUHWEDEL,20122013,0
FILIP_FORSBERG,20132014,0
BEN_HANOWSKI,20122013,0
DMITRIJ_JASKIN,20122013,0
ALEX_PETROVIC,20122013,0
KEVIN_HENDERSON,20122013,0
MARK_CUNDARI,20122013,0
FRANK_CORRADO,20122013,0
DREW_LEBLANC,20122013,0
JARED_STAAL,20122013,0
ERIC_GELINAS,20132014,0
JOONAS_RASK,20122013,0
JASON_AKESON,20122013,0
SHAWN_LALONDE,20122013,0
RYAN_STANTON,20132014,0
BROCK_NELSON,20132014,0
TOM_WILSON,20132014,0
TANNER_PEARSON,20132014,0
CONNOR_CARRICK,20132014,0
MICHAEL_LATTA,20132014,0
JOAKIM_NORDSTROM,20132014,0
WILL_ACTON,20132014,0
ANTON_BELOV,20132014,0
LUKE_GAZDIC,20132014,0
JACOB_TROUBA,20132014,0
ZEMGUS_GIRGENSONS,20132014,0
RASMUS_RISTOLAINEN,20132014,0
NATHAN_MACKINNON,20132014,0
OLLI_MAATTA,20132014,0
SEAN_MONAHAN,20132014,0
SETH_JONES,20132014,0
JUSTIN_FONTAINE,20132014,0
ALEKSANDER_BARKOV,20132014,0
VALERI_NICHUSHKIN,20132014,0
JESPER_FAST,20132014,0
LUCAS_LESSIO,20132014,0
TOMAS_HERTL,20132014,0
MATTHEW_NIETO,20132014,0
ELIAS_LINDHOLM,20132014,0
BOONE_JENNER,20132014,0
RYAN_MURRAY,20132014,0
SPENCER_ABBOTT,20132014,0
JAMIE_DEVANE,20132014,0
MORGAN_RIELLY,20132014,0
MATHEW_DUMBA,20132014,0
HAMPUS_LINDHOLM,20132014,0
DAVID_BROLL,20132014,0
JOSH_LEIVO,20132014,0
LUKE_GLENDENING,20132014,0
MICHAEL_RAFFL,20132014,0
NATE_SCHMIDT,20132014,0
NIKITA_ZADOROV,20132014,0
FREDDIE_HAMILTON,20132014,0
MICHAEL_BOURNIVAL,20132014,0
TYLER_PITLICK,20132014,0
CHRISTOPHER_BREEN,20132014,0
MAGNUS_HELLBERG,20132014,0
JAYSON_MEGNA,20132014,0
JORDAN_SZWARZ,20132014,0
DARREN_ARCHIBALD,20132014,0
MARTY_HAVLAT,20132014,0
MICHAEL_CHAPUT,20132014,0
JON_MERRILL,20132014,0
TAYLOR_FEDUN,20132014,0
ADAM_ALMQUIST,20132014,0
RETO_BERRA,20132014,0
CHAD_BILLINS,20132014,0
MAX_REINHART,20132014,0
LINDEN_VEY,20132014,0
MAREK_MAZANEC,20132014,0
MATT_DUMBA,20132014,0
MARTIN_JONES,20132014,0
CONNOR_MURPHY,20132014,0
ANTTI_RAANTA,20132014,0
KEVAN_MILLER,20132014,0
BRIAN_GIBBONS,20132014,0
ZACH_SILL,20132014,0
NIKITA_KUCHEROV,20132014,0
ERIK_HAULA,20132014,0
JOHN_ALBERT,20132014,0
REID_BOUCHER,20132014,0
KEVIN_CONNAUTON,20132014,0
JERRY_D'AMIGO,20132014,0
MARTIN_MARINCIN,20132014,0
KENT_SIMPSON,20132014,0
DYLAN_MCILRATH,20132014,0
CODY_CECI,20132014,0
KRIS_DRAPER,20102011,-4.49968804917173e-05
CALE_HULSE,20052006,-6.27215095637217e-05
ANDREI_ZYUZIN,20072008,-0.000365865742359224
SHAWN_BATES,20072008,-0.000546295586247233
BRIAN_LEE,20122013,-0.00142402672218633
STEVE_BEGIN,20122013,-0.00255403700200563
SHANE_HNIDY,20102011,-0.00284950867345955
MATTIAS_OHLUND,20102011,-0.00296778546905245
ALEXANDER_EDLER,20132014,-0.00638802994031849
DAVID_STECKEL,20122013,-0.00779373704787333
ERIC_WEINRICH,20052006,-0.00781852506408508
DOMINIC_MOORE,20132014,-0.013064726909471
BRIAN_ELLIOTT,20132014,-0.0147817889748168
LADISLAV_SMID,20132014,-0.0166029709374662
CHRIS_OSGOOD,20102011,-0.0191507238192833
ALEX_AULD,20112012,-0.0204273563701717
MARTY_REASONER,20122013,-0.0251118785713764
MATHIEU_GARON,20122013,-0.0277683930318468
RIC_JACKMAN,20062007,-0.0280908483374684
RAITIS_IVANANS,20112012,-0.030675133120095
MIKE_COMMODORE,20112012,-0.0342271163080033
NICK_LEDDY,20132014,-0.0468725108428436
BRENT_JOHNSON,20112012,-0.0522079844773584
ANDY_SUTTON,20112012,-0.0530460738189593
MIKE_GRIER,20092010,-0.0550706210043101
MATT_GREENE,20132014,-0.0567567316321098
JOEY_MACDONALD,20132014,-0.0598297669335379
MIKE_KOMISAREK,20132014,-0.0651025047485756
GREGORY_CAMPBELL,20132014,-0.0655048338971217
JOSE_THEODORE,20122013,-0.0676872688488488
DENNIS_SEIDENBERG,20132014,-0.0706508318283712
MARC_STAAL,20132014,-0.0709122760135131
KARLIS_SKRASTINS,20102011,-0.0776092392606576
MARTIN_SKOULA,20092010,-0.0781622139192042
ADAM_FOOTE,20102011,-0.0785704594053376
DEREK_MORRIS,20132014,-0.0813356597646477
ERIC_BREWER,20132014,-0.0821054552134014
BYRON_DAFOE,20032004,-0.0842108307413306
JEFF_HALPERN,20132014,-0.0846087432709062
GLEN_MURRAY,20072008,-0.0900490884871154
ANDREAS_LILJA,20122013,-0.090613162280581
MILAN_JURCINA,20112012,-0.0939921480654743
ANDREW_FERENCE,20132014,-0.0992995823367252
JASON_LABARBERA,20132014,-0.105593994540058
RADEK_BONK,20082009,-0.105892050663425
SCOTT_HANNAN,20132014,-0.114595298459963
STEVE_EMINGER,20122013,-0.120516083682581
DOUGLAS_MURRAY,20132014,-0.129637974402106
MICHAEL_DEL ZOTTO,20132014,-0.132955535758099
JAY_MCCLEMENT,20132014,-0.134688466959236
AARON_WARD,20092010,-0.137768611274373
ADAM_HALL,20132014,-0.140544997290534
BRYAN_BERARD,20072008,-0.141679937121958
BRUNO_GERVAIS,20122013,-0.142088516758231
SAMI_KAPANEN,20072008,-0.14793895012774
PATRICK_LALIME,20102011,-0.153923389466647
MAXIM_LAPIERRE,20132014,-0.157227694628933
LUKE_RICHARDSON,20082009,-0.166550803860794
JAMAL_MAYERS,20122013,-0.174207277385374
BRENDAN_WITT,20092010,-0.174416460766426
PHILIPPE_SAUVE,20062007,-0.189964758198815
CAM_FOWLER,20132014,-0.194728877367389
NICLAS_HAVELID,20082009,-0.201201742728827
TRAVIS_MOEN,20132014,-0.201217131522408
JERRED_SMITHSON,20132014,-0.205487896389864
ENVER_LISIN,20092010,-0.206548546544551
BRIAN_BOUCHER,20122013,-0.20847103489671
DALLAS_DRAKE,20072008,-0.211249525965422
RICHARD_MATVICHUK,20062007,-0.212526833638795
WAYNE_PRIMEAU,20092010,-0.217705676431417
JEAN-PIERRE_VIGIER,20062007,-0.217766740311947
ERIC_NYSTROM,20132014,-0.222465893109336
JAY_BOUWMEESTER,20132014,-0.22430636948949
LUCA_SBISA,20132014,-0.229180412140647
JACK_JOHNSON,20132014,-0.230989322582888
CRAIG_ADAMS,20132014,-0.238828132395101
NICLAS_WALLIN,20102011,-0.249404816250467
JOHN_ERSKINE,20132014,-0.253345495463577
BRIAN_BOYLE,20132014,-0.26369944836977
MARTIN_LAPOINTE,20072008,-0.280868972674071
RORY_FITZPATRICK,20072008,-0.282773427620344
TIM_JACKMAN,20132014,-0.310527452141403
JASON_WARD,20072008,-0.315978037489399
JASON_STRUDWICK,20102011,-0.3296810275566
WADE_BELAK,20102011,-0.330654397920421
DARROLL_POWE,20132014,-0.332162436494426
IVAN_MAJESKY,20052006,-0.3382696393286
RYAN_JOHNSON,20102011,-0.347174963234017
STEPHANE_VEILLEUX,20132014,-0.360488776228523
MATHIEU_BIRON,20052006,-0.406420923710853
SCOTT_LACHANCE,20032004,-0.451815125634393
ERIK_GUDBRANSON,20132014,-0.50809072468542
THOMAS_POCK,20082009,-0.529648477978704
TIM_TAYLOR,20062007,-0.679341562886336
